1,Precious Achiuwa,Tor,F,22.48,58,23,47.8,18.1,11.3,105,0.59,364,0.445,91,0.374,0.468,0.487,8.4,6.8,16,1.1,6.9,0.52,0.53,1.1,6.9,103.8,103.2
2,Steven Adams,Mem,C,28.65,65,26.5,55.2,12.3,19.8,177,0.548,333,0.553,1,0,0.551,0.564,7.2,9.8,19.3,3.3,15.7,0.83,0.75,1.57,9.3,123.5,104.7
3,Bam Adebayo,Mia,C-F,24.66,44,33.2,69.1,25.2,14.7,259,0.749,590,0.546,5,0,0.541,0.591,19,10.4,17.6,3.5,17.9,1.55,0.82,2.77,10.7,114.1,96.8
4,Santi Aldama,Mem,F-C,21.17,27,10.2,21.4,17,7.8,20,0.6,58,0.569,39,0.103,0.402,0.425,3.3,2.4,12,0.5,6.6,0.07,0.26,0.33,6.2,98.7,104.7
5,LaMarcus Aldridge,Bro,C-F,36.65,45,22.8,47.6,22.7,7.8,102,0.873,410,0.58,45,0.311,0.569,0.607,13.5,5.6,13.3,0.9,6.5,0.31,1.02,0.93,7.2,120,108.7
6,Nickeil Alexander-Walker,Nor,G,23.53,50,26.3,54.9,24.8,11.2,97,0.722,327,0.434,305,0.311,0.45,0.474,12.8,3.3,6.8,2.8,16.3,0.82,0.38,1.7,7.5,96.5,109.8
7,Nickeil Alexander-Walker,Uta,G,23.53,6,6.1,12.6,16.5,14.5,4,1,3,0.333,7,0.143,0.25,0.383,1.5,1.3,12,1,20.9,0,0.17,0.33,8.2,96.8,104.8
8,Grayson Allen,Mil,G,26.43,56,27.8,57.8,15.6,5.5,63,0.857,159,0.503,351,0.396,0.566,0.587,11.3,3.4,6.4,1.6,8,0.79,0.27,0.55,5.7,119.9,109.6
9,Jarrett Allen,Cle,C,23.9,56,32.3,67.3,18.1,12.7,233,0.708,535,0.688,10,0.1,0.678,0.698,16.1,10.7,18.2,1.6,8.2,0.77,1.34,1.68,8.1,132.7,102.8
10,Jose Alvarado,Nor,G,23.92,40,13.9,29,18.3,11.4,31,0.677,115,0.504,81,0.309,0.487,0.506,5.3,1.6,6.2,2.4,25.8,1.2,0.15,0.68,7.9,110.1,101.6
11,Justin Anderson,Cle,F-G,28.32,3,15.5,32.4,11.1,17,4,0.75,2,1,6,0.333,0.625,0.666,4.3,2,7.1,2,17.5,0.33,0,0.67,6.7,126.3,102.5
12,Justin Anderson,Ind,F-G,28.32,3,10.1,21,18.9,7.5,3,1,2,0.5,9,0.111,0.227,0.325,2.7,1.3,7.3,1,12.7,0.33,0.33,0.33,6,86.9,101.9
13,Kyle Anderson,Mem,F-G,28.48,56,21.4,44.6,16.1,11.7,85,0.6,290,0.472,88,0.318,0.474,0.492,7.3,5.4,13.1,2.6,16.3,1.14,0.63,0.98,8.7,107.8,103.1
14,Giannis Antetokounmpo,Mil,F,27.27,57,32.8,68.4,34.8,12.1,659,0.719,833,0.612,216,0.306,0.581,0.632,29.7,11.5,18.4,5.9,32.9,1.05,1.39,3.23,15.4,124.2,99.2
15,Thanasis Antetokounmpo,Mil,F,29.65,40,9.4,19.6,14.2,15.9,26,0.615,83,0.554,11,0.091,0.505,0.526,2.8,2.1,11.9,0.5,6.9,0.35,0.23,0.5,6.1,108.5,96.1
16,Carmelo Anthony,Lal,F,37.79,59,26.5,55.3,20.2,7.3,142,0.831,275,0.513,344,0.392,0.555,0.591,13.6,4.2,8.4,1,5.6,0.73,0.83,0.92,5.8,115.2,107
17,Cole Anthony,Orl,G,21.83,55,32.8,68.3,25.5,14.2,220,0.864,465,0.439,347,0.337,0.467,0.522,17.3,5.6,9.1,5.7,28.2,0.78,0.27,2.73,10,103,107
18,OG Anunoby,Tor,F,24.66,42,36.7,76.4,21,9.8,107,0.748,350,0.506,285,0.351,0.515,0.538,17.5,5.5,8.1,2.6,10.9,1.55,0.57,1.76,6.9,109.9,106.4
19,Ryan Arcidiacono,Nyk,G,27.97,4,3.2,6.6,6.9,0,0,0,1,0,1,1,0.75,0.75,0.8,0,0,0,0,0,0,0,0,,
20,Trevor Ariza,Lal,F,36.7,22,18.9,39.3,10.2,10.1,15,0.533,16,0.5,66,0.303,0.463,0.474,3.8,3.2,9.1,1,7.1,0.5,0.18,0.45,4.9,98.8,110.9
21,D.J. Augustin,Hou,G,34.34,34,15,31.2,16.4,22.8,38,0.868,40,0.4,96,0.406,0.548,0.596,5.4,1.2,4.4,2.2,20.7,0.29,0,1.32,6.5,106.9,119.5
22,D.J. Augustin,Lal,G,34.34,6,18.4,38.3,11.1,10.5,1,1,5,0.6,20,0.4,0.6,0.609,5.2,1.7,4.8,2.3,16.9,0.67,0,0.5,5.9,126.8,113.9
23,Deni Avdija,Was,F,21.19,66,23.1,48.2,15,11.9,98,0.765,229,0.524,181,0.309,0.498,0.533,7.3,5,12,1.7,10.1,0.76,0.56,0.92,6.9,106.2,104.6
24,Joel Ayayi,Was,G,22.02,7,2.9,6,13.2,0,0,0,5,0.2,1,0,0.167,0.167,0.3,0.4,8.2,0.6,25.3,0,0,0,5.7,,
25,Deandre Ayton,Pho,C,23.64,47,29.5,61.5,20.9,11,111,0.721,532,0.656,15,0.333,0.652,0.665,16.9,10,18.1,1.4,7.5,0.74,0.74,1.57,8.4,124.9,99.4
26,Udoka Azubuike,Uta,C-F,22.49,17,11.5,23.9,14.7,18.2,11,0.545,49,0.755,0,0,0.755,0.743,4.7,4.2,19.8,0,0,0.06,0.65,0.71,0,125,97.2
27,Marvin Bagley III,Sac,F,23,30,21.9,45.6,18.7,7.3,47,0.745,184,0.538,62,0.242,0.494,0.521,9.3,7.2,17.7,0.6,3.9,0.3,0.37,0.7,6.3,111,109.1
28,Marvin Bagley III,Det,F,23,9,26.7,55.6,22.2,7.3,18,0.5,91,0.604,16,0.188,0.556,0.557,14.2,7.2,14.6,1,6.9,0.78,0.22,1,7,111.5,108.4
29,LaMelo Ball,Cha,G,20.56,61,32.1,66.9,28.2,15,214,0.864,580,0.462,438,0.363,0.498,0.539,19.6,6.9,11.2,7.3,34.9,1.51,0.43,3.21,12.4,109.3,104.8
30,Lonzo Ball,Chi,G,24.38,35,34.6,72.2,17.3,17.2,28,0.75,123,0.423,260,0.423,0.567,0.575,13,5.4,8.8,5.1,19.8,1.83,0.89,2.34,8.2,110,106.9
31,Mo Bamba,Orl,C,23.84,58,26.1,54.4,16.8,10.9,58,0.828,281,0.569,217,0.359,0.556,0.575,10.4,8,16.2,1.1,6.8,0.59,1.74,1.1,6.9,112.8,103
32,Desmond Bane,Mem,G,23.72,65,30.1,62.7,23,8.6,127,0.898,494,0.486,452,0.416,0.552,0.578,17.8,4.5,7.8,2.6,12.5,1.12,0.4,1.45,7.9,116,104.6
33,Dalano Banton,Tor,F,22.35,57,11.6,24.1,17,19.4,37,0.622,145,0.455,50,0.26,0.438,0.459,3.4,2,9.4,1.6,19.7,0.46,0.18,0.89,7.6,96.9,104.4
34,Cat Barber,Atl,G,20,3,4.3,8.9,23.2,14.8,4,0,4,0,0,0,0,0,0,1,12.9,1,27.3,0,0,0.33,0,37.6,110.8
35,Harrison Barnes,Sac,F,29.79,64,34,70.9,19.1,10.7,372,0.831,405,0.516,302,0.421,0.565,0.636,17.3,5.9,9.3,2.5,10.6,0.73,0.16,1.63,7.5,123.6,115.1
36,Scottie Barnes,Tor,F,20.62,59,35.5,73.9,18.9,12.1,176,0.733,584,0.536,151,0.311,0.522,0.551,15.2,7.6,11.6,3.3,14.2,1.17,0.81,1.9,8.2,114.5,106.7
37,RJ Barrett,Nyk,F-G,21.75,57,34,70.7,26.9,9.9,304,0.707,615,0.447,322,0.348,0.473,0.514,19.3,5.8,9,2.9,14.5,0.56,0.25,2.07,8.1,103.4,107.9
38,Will Barton,Den,G,31.18,58,31.8,66.3,21.3,11.9,106,0.792,389,0.514,351,0.359,0.526,0.548,14.9,4.9,8.5,3.8,17.9,0.81,0.5,1.83,8.2,106.9,109.3
39,Charles Bassey,Phi,C-F,21.37,23,7.3,15.2,16.1,13.3,12,0.75,43,0.698,4,0,0.638,0.66,3,2.7,20.5,0.3,6.6,0.22,0.74,0.35,7.4,131.1,89.7
40,Paris Bass,Pho,F,26.54,2,3.7,7.7,51.8,22.5,2,1,4,0.5,2,0,0.333,0.436,3,2,28.8,0,0,0.5,0,1,0,,
41,Keita Bates-Diop,San,F,26.14,51,16.1,33.5,14,12.9,48,0.708,167,0.557,49,0.347,0.549,0.571,5.3,3.9,12.6,0.7,5.4,0.49,0.27,0.69,6.1,110.6,108
42,Nicolas Batum,Lac,G-F,33.25,49,24.7,51.6,13.6,8,32,0.625,101,0.604,231,0.394,0.595,0.6,8.5,4.4,9.3,1.6,9.2,0.94,0.69,0.61,6.3,117.7,106.2
43,Kent Bazemore,Lal,G-F,32.7,37,14,29.2,13.3,11.8,17,0.765,58,0.276,76,0.382,0.444,0.466,3.6,1.8,6.7,0.9,8.4,0.65,0.22,0.51,5.1,96.2,102.9
44,Darius Bazley,Okc,F-G,21.75,62,27.7,57.8,17.7,11.8,138,0.688,336,0.491,226,0.292,0.47,0.5,10,6.5,12,1.4,7.7,0.87,1.11,1.34,6.5,98.3,109.7
45,Bradley Beal,Was,G,28.71,40,36,74.9,30.7,13.6,203,0.833,561,0.508,210,0.3,0.492,0.539,23.2,4.7,7.2,6.6,31.2,0.9,0.38,3.38,10,106,111.3
46,Malik Beasley,Min,G,25.29,68,25.4,52.8,20.1,4.8,47,0.766,197,0.437,572,0.376,0.531,0.54,12.5,2.9,6.1,1.4,8.3,0.53,0.15,0.59,5.8,109.6,112.4
47,Jordan Bell,Chi,F,27.18,1,2,4.2,0,,0,0,0,0,0,0,,,0,1,27.9,0,0,1,0,0,0,,
48,DeAndre' Bembry,Bro,G-F,27.69,48,19.8,41.2,11.7,11.6,35,0.6,177,0.599,36,0.417,0.603,0.609,5.8,3.2,8.7,1.3,8.6,0.98,0.52,0.63,5.8,119.7,104.2
49,DeAndre' Bembry,Mil,G-F,27.69,8,9.6,20.1,5,11.1,0,0,8,0.375,0,0,0.375,0.375,0.8,1.4,7.5,0.8,9.5,0.25,0,0.13,4,116.2,103.2
50,Davis Bertans,Was,F,29.33,34,14.7,30.7,17.6,7.1,30,0.933,27,0.519,144,0.319,0.485,0.527,5.7,1.8,6.7,0.5,4.5,0.32,0.18,0.41,4.7,103.8,106.4
51,Davis Bertans,Dal,F,29.33,11,14.6,30.3,19,1.5,6,0.667,10,0.4,54,0.278,0.414,0.428,5.2,2.5,9.7,0.5,5.4,0.27,0.27,0.09,5.1,93.1,100.9
52,Patrick Beverley,Min,G,33.67,47,25.6,53.3,16.2,13.9,92,0.707,154,0.481,207,0.343,0.5,0.531,9.1,4.2,8.7,4.8,25.7,1.13,0.89,1.38,8.9,116.2,101.9
53,Saddiq Bey,Det,F,22.93,68,33.7,70.2,20.9,7.7,204,0.828,441,0.447,499,0.345,0.484,0.524,15.9,5.8,9.2,2.8,13.6,0.82,0.22,1.26,7.6,109.6,113.5
54,Khem Birch,Tor,C,29.46,41,18.5,38.5,11.5,11.3,57,0.754,148,0.5,8,0,0.474,0.527,4.7,4.5,13.1,1.1,7.9,0.63,0.46,0.56,6.2,122.4,104.3
55,Goga Bitadze,Ind,C-F,22.65,42,12.3,25.6,20.2,14.4,65,0.631,119,0.605,60,0.25,0.528,0.554,5.5,3.2,14.2,0.9,10.3,0.33,0.74,0.83,8.2,111.4,100.9
56,Bismack Biyombo,Pho,C,29.54,24,15.2,31.6,17.3,13,57,0.544,102,0.618,0,0,0.618,0.618,6.5,5.2,18.2,0.7,6.4,0.46,0.83,0.79,7.6,124.5,93.6
57,Nemanja Bjelica,Gol,F,33.84,60,15.4,32.1,18.2,17.3,68,0.691,161,0.54,129,0.333,0.522,0.547,5.8,3.9,13.7,2,18.7,0.6,0.35,1.12,9.3,108.2,96.6
58,Eric Bledsoe,Lac,G,32.26,54,25.2,52.5,20.5,18.3,117,0.761,305,0.479,163,0.313,0.475,0.514,9.9,3.4,7,4.2,24.3,1.28,0.35,2.15,8.3,100.2,106.1
59,Keljin Blevins,Por,G,26.3,18,8.7,18.1,15.2,14.6,6,0.5,15,0.533,29,0.345,0.523,0.525,2.7,0.8,4.9,0.7,11.2,0.11,0.06,0.44,5.3,103,115.6
60,Bojan Bogdanovic,Uta,F,32.9,64,30.9,64.4,23.6,10.2,231,0.87,427,0.525,434,0.392,0.556,0.602,18.1,4.3,7.5,1.7,8.6,0.42,0.02,1.7,6.6,116.7,109.7
61,Bogdan Bogdanovic,Atl,G,29.57,49,29.5,61.5,20.4,8.5,73,0.836,241,0.544,344,0.355,0.537,0.558,14.1,4,7.5,3.1,15.6,1,0.27,1.16,7.6,112.8,110.6
62,Bol Bol,Den,C-F,22.32,13,6.2,12.9,17.6,12.4,3,0.667,23,0.609,4,0.25,0.574,0.583,2.5,1.5,13.7,0.4,9.3,0.08,0.15,0.31,7.4,110,108.4
63,Leandro Bolmaro,Min,F,21.5,28,7.4,15.4,11.7,22.4,9,0.889,24,0.333,17,0.235,0.341,0.4,1.3,1.3,9.5,0.5,7.9,0.21,0,0.46,5.1,88.5,104.1
64,Isaac Bonga,Tor,G,22.35,15,4.6,9.5,11.5,10.8,8,0.625,9,0.222,4,0.25,0.269,0.363,0.8,0.5,5.5,0.3,7.4,0.53,0.13,0.13,4.3,92.3,96.4
65,Devin Booker,Pho,G,25.37,57,34.3,71.5,31.8,9.6,282,0.865,772,0.492,407,0.373,0.516,0.56,25.6,5.1,8,4.9,22.5,1.21,0.42,2.44,10,110.6,103
66,Brandon Boston Jr.,Lac,G,20.29,48,14.3,29.8,22.6,8.5,67,0.836,190,0.411,105,0.305,0.427,0.475,6.4,2.1,7.6,0.9,9,0.52,0.25,0.63,6.4,95.9,106.8
67,Chris Boucher,Tor,F-C,29.17,65,20.4,42.4,17.7,6.8,158,0.772,268,0.597,173,0.283,0.529,0.577,9.1,6,15.8,0.3,2.2,0.63,1,0.57,5,123.6,101.6
68,James Bouknight,Cha,G,21.48,28,10.6,22,23.2,8,31,0.871,87,0.356,49,0.347,0.415,0.468,5,1.7,8.5,0.8,11,0.25,0.04,0.46,7.1,102,109
69,Avery Bradley,Lal,G,31.3,53,23.5,48.9,12.3,9.8,14,0.857,127,0.449,188,0.388,0.529,0.537,6.5,2.3,5.2,0.8,4.6,0.91,0.17,0.66,3.9,104.2,108.8
70,Tony Bradley,Chi,C-F,24.18,47,10.9,22.7,12.7,19.7,21,0.667,109,0.587,0,0,0.587,0.6,3,3.6,18.7,0.5,6.2,0.23,0.68,0.62,6.4,118.7,101.9
71,Ignas Brazdeikis,Orl,F,23.18,31,9.1,18.9,16.6,8.4,17,0.765,52,0.481,39,0.308,0.473,0.503,3.2,1.3,7.5,0.7,12.4,0.26,0.06,0.29,6.3,106.1,106
72,Miles Bridges,Cha,F,23.98,66,36.2,75.3,22.3,10.4,278,0.802,621,0.588,386,0.311,0.541,0.581,19.9,7.1,10.3,3.7,15.4,0.98,0.88,1.98,8.9,114.5,109
73,Mikal Bridges,Pho,F,25.54,68,34.9,72.8,14.6,6.6,116,0.845,440,0.63,259,0.363,0.598,0.623,13.7,4.4,6.7,2.3,8.8,1.19,0.43,0.78,5.9,125.4,106
74,Oshae Brissett,Ind,F-G,23.73,56,21.8,45.3,16.3,8.9,122,0.664,198,0.455,169,0.343,0.482,0.517,7.8,5,12.6,0.9,5.4,0.57,0.46,0.73,6,109.8,110.2
75,Malcolm Brogdon,Ind,G,29.25,34,33.6,70.1,24.5,10.9,162,0.852,335,0.513,176,0.318,0.501,0.558,19.1,5.3,8.6,6,27.4,0.88,0.38,2.09,10.1,116.2,112.5
76,Armoni Brooks,Hou,G,23.77,41,16.8,35.1,17.3,8.1,19,0.842,38,0.605,213,0.3,0.474,0.49,6.2,2,6.4,1.2,10.4,0.51,0.2,0.56,5.9,100.5,112.2
77,Armoni Brooks,Tor,G,23.77,3,9.9,20.7,5.7,0,0,0,0,0,4,0.25,0.375,0.375,1,1.3,7.3,0.7,8.4,0.67,0.33,0,3.9,122.7,107.6
78,Dillon Brooks,Mem,G-F,26.14,22,27.8,58,28.5,9,74,0.892,250,0.468,104,0.327,0.475,0.52,18.3,3.2,6,2.8,15.4,1.27,0.18,1.73,7.9,107.3,101.9
79,Chaundee Brown Jr.,Lal,G,23.28,2,10.3,21.5,16.7,12.5,0,0,4,0.25,3,0,0.143,0.143,1,1,5.2,0,0,0,0,0.5,0,27.3,119.2
80,Charlie Brown Jr.,Dal,G,24.11,3,5.1,10.7,14.6,0,0,0,2,0.5,3,0,0.2,0.2,0.7,0.3,3.6,0.3,8.7,0.67,0.33,0,3.1,55.5,92.3
81,Chaundee Brown Jr.,Atl,G,23.28,3,27.7,57.7,14.6,0,6,0.833,10,0.3,15,0.4,0.48,0.525,9.7,4.7,9.3,1.3,6.4,0.67,0,0,5.6,117.6,108.6
82,Charlie Brown Jr.,Phi,G,24.11,16,9.8,20.4,12.4,11.5,10,0.9,25,0.32,9,0.111,0.279,0.365,1.8,1.9,11,0.3,4.3,0.5,0.19,0.31,4.1,92.9,102.4
83,Greg Brown III,Por,F,20.53,34,10.3,21.5,18.3,10.1,43,0.651,83,0.47,31,0.226,0.434,0.478,3.7,2.3,12,0.4,6,0.47,0.41,0.44,5.8,100.3,101.3
84,Troy Brown Jr.,Chi,G-F,22.63,56,17,35.4,12,8.5,25,0.76,112,0.473,115,0.348,0.498,0.515,4.4,3.2,10.5,1,7.6,0.54,0.07,0.39,5.7,110.1,108.9
85,Bruce Brown,Bro,G-F,25.58,59,22.8,47.6,14.3,8.9,81,0.741,309,0.524,64,0.359,0.527,0.554,7.7,4.6,10.8,1.6,9.6,1.08,0.53,0.68,6.7,117.6,103.9
86,Jaylen Brown,Bos,G-F,25.38,54,33.7,70.3,30.3,12.1,257,0.759,598,0.535,391,0.34,0.525,0.56,22.9,6.1,9.8,3.4,17.5,1.02,0.3,2.81,9.3,106.2,101.9
87,Moses Brown,Dal,C,22.42,26,6.5,13.5,22.1,16.9,43,0.628,50,0.54,0,0,0.54,0.588,3.1,2.3,20,0,0.9,0.12,0.35,0.54,0,107.1,89.8
88,Moses Brown,Cle,C,22.42,1,2.5,5.2,17.6,0,0,0,1,1,0,0,1,1,2,0,0,0,0,0,0,0,0,,
89,Sterling Brown,Dal,G-F,27.09,44,12.9,27,13.2,13.2,11,0.909,56,0.482,84,0.321,0.482,0.501,3.3,3.1,13.3,0.7,7.4,0.27,0.16,0.5,6,101.2,101
90,Jalen Brunson,Dal,G,25.53,65,32.2,67,21.8,11.1,162,0.821,628,0.538,202,0.381,0.546,0.577,16,3.7,6.4,5.2,26.4,0.91,0.05,1.74,8.4,116.4,105.6
91,Thomas Bryant,Was,C-F,24.62,21,17.8,37.1,19.4,10.4,32,0.875,95,0.621,37,0.27,0.561,0.602,8.4,4.1,12.7,1,9.1,0.29,0.81,0.81,7.3,118.9,106.7
92,Shaq Buchanan,Mem,G,20,2,4.9,10.2,25.1,33.3,0,0,2,0.5,2,0,0.25,0.25,1,1,10.6,1,25.7,0.5,0,1,8.2,60.7,99.8
93,Reggie Bullock,Dal,G-F,31,57,26.8,55.9,13.5,7.2,44,0.818,92,0.565,316,0.345,0.528,0.546,8.2,3.4,7,1.1,6,0.58,0.23,0.58,4.7,109,106.5
94,Trey Burke,Dal,G,29.33,36,10.8,22.5,25.8,10.3,23,0.87,116,0.474,74,0.324,0.479,0.505,5.6,0.8,4.3,1.4,20.8,0.31,0,0.64,6.8,101,104
95,Alec Burks,Nyk,G,30.65,67,27.6,57.5,17.6,9.1,215,0.819,280,0.371,303,0.386,0.479,0.542,11,4.7,9.1,2.9,15.6,1.04,0.33,1.01,7.7,115.2,103.3
96,Jared Butler,Uta,G,21.55,31,7.8,16.3,23.9,18.8,12,0.583,48,0.438,55,0.345,0.481,0.489,3.4,0.8,5.8,1.3,24.2,0.29,0.23,0.81,7.8,96.2,99.5
97,Jimmy Butler,Mia,F,32.5,47,34,70.8,26.8,10.4,384,0.87,610,0.51,87,0.195,0.483,0.581,21.4,6.1,10.2,5.6,27.2,1.79,0.51,2.15,10.6,122.8,105.8
98,Devontae Cacok,San,F,25.43,11,8.4,17.5,14.2,6.4,7,0.571,26,0.692,0,0,0.692,0.688,3.6,3.3,20.4,0.5,7.7,0.64,0.64,0.18,8.6,137.8,94.2
99,Kentavious Caldwell-Pope,Was,G,29.07,63,29.9,62.4,18.3,9.5,119,0.916,319,0.439,333,0.393,0.516,0.555,12.4,3.3,6.2,1.9,9.4,1.06,0.33,1.17,5.7,108.4,111.8
100,Facundo Campazzo,Den,G,30.98,61,19.1,39.9,14.7,16.7,78,0.769,102,0.48,188,0.303,0.464,0.507,5.4,1.9,5.6,3.5,24.2,1,0.38,1.07,6.9,109.4,102.9
101,Vlatko Cancar,Den,F,24.93,14,10.9,22.7,15.1,15.3,12,0.75,27,0.556,12,0.583,0.654,0.678,4.3,1.6,8.4,0.9,12,0.14,0.21,0.57,6.7,123.8,106.8
102,Clint Capela,Atl,C,27.82,59,27.7,57.7,15.1,6.2,139,0.46,466,0.607,1,0,0.606,0.596,10.7,11.9,23.6,1.3,7.1,0.69,1.36,0.59,7.9,133.1,104.9
103,Vernon Carey Jr.,Cha,F-C,21.05,4,4.2,8.8,20.8,12,3,0.667,6,0.5,0,0,0.5,0.546,2,1.3,15.5,0,0,0.25,0,0.25,0,113.4,110
104,Vernon Carey Jr.,Was,F-C,21.05,1,1.4,2.9,0,,0,0,0,0,0,0,,,0,0,0,0,0,0,0,0,0,,
105,Wendell Carter Jr.,Orl,C-F,22.91,58,29.9,62.3,20.5,13,184,0.701,430,0.607,202,0.327,0.57,0.595,14.6,10.4,18.4,2.7,15.2,0.57,0.71,1.84,9.9,115,102.8
106,Jevon Carter,Bro,G,26.5,46,12,25,16,12.7,10,0.7,47,0.34,127,0.331,0.454,0.462,3.6,1.5,6.6,1,11,0.3,0.22,0.57,5.8,93.6,109.2
107,Jevon Carter,Mil,G,26.5,8,18.1,37.7,10.6,5.6,4,1,9,0.111,23,0.565,0.641,0.666,5.6,1.6,4.7,1.8,12.7,0.38,0.25,0.25,5.6,142.4,109.3
108,Alex Caruso,Chi,G,28.04,29,27.7,57.8,14.1,15.9,61,0.82,101,0.505,89,0.348,0.513,0.565,8.4,3.8,7.6,3.9,18.2,2,0.41,1.41,7.2,115.6,104.2
109,Willie Cauley-Stein,Dal,C,28.57,18,9.8,20.5,10.9,16.3,2,0.5,33,0.455,2,0.5,0.471,0.474,1.9,2.1,11.8,0.5,7.1,0.33,0.17,0.39,5.1,102.6,100.3
110,Willie Cauley-Stein,Phi,C,28.57,2,2.9,5.9,0,,0,0,0,0,0,0,,,0,1,19.5,0.5,21.7,0,0,0,0,,
111,Ahmad Caver,Ind,G,20,1,0.9,1.9,47.7,0,0,0,1,1,0,0,1,1,2,0,0,0,0,0,0,0,0,,
112,Justin Champagnie,Tor,G-F,20.71,35,7.8,16.3,11.9,9.2,9,1,39,0.538,26,0.346,0.531,0.566,2.2,2,13.8,0.3,5.5,0.2,0.11,0.2,5.6,128.8,102.8
113,Zylan Cheatham,Uta,F,26.32,1,5.2,10.8,25.1,0,0,0,1,0,2,0,0,0,0,0,0,0,0,0,0,0,0,0,119.2
114,Chris Chiozza,Gol,G,26.31,29,10.8,22.5,13.3,25.1,1,1,25,0.2,46,0.348,0.408,0.413,2,1.1,5.5,2,23.4,0.34,0,0.83,6.1,93.5,103.2
115,Marquese Chriss,Dal,F,24.7,23,11.1,23.2,22.2,13.5,19,0.632,80,0.513,21,0.333,0.51,0.526,5,3.5,17.2,0.5,7.5,0.48,0.43,0.74,7.4,102.2,86.5
116,Josh Christopher,Hou,G,20.26,60,17.2,35.7,21,16.8,76,0.763,240,0.533,151,0.311,0.508,0.536,7.6,2.4,7.6,1.9,16.9,0.82,0.15,1.43,7.6,101.1,113.3
117,Brandon Clarke,Mem,F,25.48,54,19.4,40.4,17.5,5.8,112,0.661,351,0.672,20,0.2,0.652,0.664,10.3,5.6,14.9,1.3,10.3,0.57,1.06,0.48,8.7,138.8,102.6
118,Gary Clark,Nor,F,27.32,32,10,20.8,11,7.4,8,0.75,12,0.25,60,0.383,0.521,0.536,2.5,2.5,13.6,0.4,5.5,0.34,0.22,0.19,5.4,116,108.4
119,Jordan Clarkson,Uta,G,29.77,64,26.2,54.6,27.4,9.6,138,0.848,401,0.534,493,0.32,0.504,0.534,15.9,3.3,6.8,2.3,13.9,0.77,0.23,1.58,7.5,107.5,106.6
120,Nic Claxton,Bro,F-C,22.91,33,20.1,41.9,15.4,9.7,67,0.567,185,0.643,0,0,0.643,0.643,8.4,5.2,14.2,0.8,6,0.52,1.15,0.7,6.5,128.9,104.6
121,Amir Coffey,Lac,G-F,24.74,57,23.1,48.1,15.1,8.2,99,0.869,165,0.539,208,0.365,0.544,0.591,8.6,2.8,6.4,1.8,11,0.56,0.19,0.65,6.1,118.9,108.5
122,John Collins,Atl,F-C,24.47,54,30.8,64.1,20.5,7.7,169,0.793,468,0.588,176,0.364,0.576,0.61,16.2,7.8,14,1.8,9,0.61,1.04,1.11,7.9,122.8,106.1
123,Zach Collins,San,F-C,24.32,14,15.9,33.1,17.3,24.1,23,0.826,43,0.512,16,0.438,0.551,0.608,6,4.9,16.2,1.8,14.6,0.5,0.5,1.57,9.4,112.2,98.5
124,Darren Collison,Lal,G,34.56,3,12.4,25.8,9.3,12.5,0,0,4,0.5,3,0,0.286,0.286,1.3,1.3,5.7,0.7,6.8,0.33,0,0.33,3.4,64.6,102.7
125,Mike Conley,Uta,G,34.42,59,28.2,58.7,20.9,12.7,133,0.835,302,0.447,335,0.397,0.525,0.561,13.2,3.1,6,5.2,27,1.34,0.32,1.71,8.5,118.4,106.5
126,Pat Connaughton,Mil,G,29.18,54,27,56.2,13.6,6.7,37,0.811,108,0.639,307,0.407,0.618,0.63,10.1,4.4,8.5,1.2,6.2,0.94,0.26,0.57,5.6,124.7,108.6
127,Tyler Cook,Chi,F,24.47,19,10.3,21.5,12.7,12.4,31,0.645,36,0.611,0,0,0.611,0.645,3.4,2.7,14.8,0.2,2,0.21,0.21,0.37,4.8,128,100.6
128,Sharife Cooper,Atl,G,20.76,11,3.2,6.7,23.6,26.3,0,0,8,0.25,6,0.167,0.25,0.25,0.6,0.5,7.8,0.5,18.3,0,0,0.45,6.6,,
129,Petr Cornelie,Den,F,26.63,13,2.9,6.1,24,19.3,4,0.75,7,0.571,8,0.125,0.367,0.418,1.1,1.1,20.4,0.2,11,0.08,0.08,0.31,8.6,,
130,DeMarcus Cousins,Mil,C,31.58,17,16.9,35.1,22.5,10.6,38,0.816,70,0.6,48,0.271,0.521,0.572,9.1,5.8,18,1.1,9.4,0.94,0.47,0.94,9.2,115.8,91.9
131,DeMarcus Cousins,Den,C,31.58,17,14.2,29.6,33.8,23.7,60,0.717,79,0.443,36,0.333,0.461,0.527,8.8,6.2,24.4,1.6,17.7,0.94,0.47,2.59,12.5,94.4,82.6
132,Robert Covington,Por,F,31.25,48,29.8,62.1,12.4,14.2,36,0.833,106,0.462,230,0.343,0.499,0.519,7.6,5.7,10.4,1.4,6.7,1.54,1.31,1.21,5.3,100.6,106.7
133,Robert Covington,Lac,F,31.25,12,20.8,43.2,15.9,9.9,17,0.824,29,0.621,45,0.356,0.568,0.601,8.2,5.3,13.4,1.1,7.6,1.25,1.33,0.75,7,118.7,96.9
134,Torrey Craig,Ind,F,31.23,51,20.3,42.2,13.9,11.6,35,0.771,143,0.573,138,0.333,0.537,0.555,6.5,3.8,10.4,1.1,7.8,0.47,0.37,0.76,5.9,112.6,108.9
135,Torrey Craig,Pho,F,31.23,13,18.9,39.3,16.1,16.4,13,0.615,28,0.607,43,0.186,0.408,0.43,5.1,4.3,12.2,1.1,7.2,0.69,0.77,1.15,6.1,86.4,99.4
136,Jae Crowder,Pho,F,31.69,58,28.4,59.2,14.8,8.9,84,0.798,165,0.521,312,0.343,0.517,0.545,9.7,5.3,10,1.7,7.8,1.38,0.43,0.86,6.3,108.4,99.3
137,Jarrett Culver,Mem,G-F,23.06,29,9,18.7,19.8,11.2,23,0.522,66,0.455,35,0.286,0.446,0.459,3.5,1.3,7.8,1,14.5,0.55,0.14,0.48,7.4,98.7,99.3
138,Jarron Cumberland,Por,G,24.47,3,4.1,8.5,7.1,0,0,0,1,1,1,0,0.5,0.5,0.7,1,13.3,0.3,11.3,0,0,0,5.8,138.2,102.3
139,Cade Cunningham,Det,G,20.47,54,32.5,67.8,27.1,17,130,0.854,540,0.456,324,0.321,0.465,0.497,16.9,5.9,9.7,5.3,28.1,1.15,0.65,3.5,10,95.5,106.9
140,Seth Curry,Phi,G,31.56,45,34.8,72.5,18.5,13,73,0.877,278,0.561,250,0.4,0.58,0.603,15,3.4,5.4,4,18,0.8,0.24,1.87,6.8,113.5,109
141,Seth Curry,Bro,G,31.56,11,31.3,65.1,19.9,11.3,11,0.818,63,0.524,73,0.452,0.607,0.618,15.8,3.2,5.5,3.2,15.2,1.09,0.18,1.64,7,115.1,109.3
142,Stephen Curry,Gol,G,34,62,34.9,72.7,30.7,13.1,290,0.921,463,0.521,732,0.378,0.549,0.597,25.5,5.3,8.2,6.4,30.2,1.35,0.37,3.23,10.9,114.7,104.3
143,Anthony Davis,Lal,F-C,29.01,37,35.1,73.1,26.9,9.4,227,0.709,569,0.578,66,0.182,0.546,0.582,23.1,9.7,14.8,2.9,14.1,1.22,2.32,2.05,9.9,116,106.2
144,Ed Davis,Cle,C-F,32.77,24,7.4,15.4,6.7,18.4,14,0.429,16,0.688,0,0,0.688,0.632,1.2,2.5,18.2,0.2,3.7,0.13,0.33,0.21,4.6,123,88.6
145,Terence Davis,Sac,G,24.83,30,17.9,37.2,25.5,10.3,44,0.818,118,0.542,149,0.329,0.515,0.543,10.4,3.1,9.5,1.3,11.8,0.83,0.37,1.1,7.8,103.5,103.2
146,Gabriel Deck,Okc,F,27.09,7,7.9,16.5,12.4,12.5,0,0,10,0.6,4,0.5,0.643,0.643,2.6,0.9,5.5,0.7,14,0.14,0,0.29,6,120.8,113.7
147,Dewayne Dedmon,Mia,C,32.59,59,16,33.4,16.5,17.3,79,0.797,222,0.581,35,0.457,0.595,0.632,6.3,5.9,20.8,0.7,7,0.36,0.64,1.03,7.4,118.8,90.3
148,Sam Dekker,Tor,F,27.86,1,0.9,1.9,0,,0,0,0,0,0,0,,,0,0,0,0,0,0,0,0,0,,
149,Javin DeLaurier,Mil,C,20,1,2.8,5.8,0,,0,0,0,0,0,0,,,0,1,18.8,0,0,1,0,0,0,,
150,DeMar DeRozan,Chi,G-F,32.6,63,36.1,75.1,31.9,9,501,0.87,1162,0.522,116,0.345,0.521,0.59,28.1,5.4,8.4,5.1,24.1,0.94,0.32,2.37,10.2,118.2,109.8
151,Mamadi Diakite,Okc,F,25.14,13,14.4,30.1,13.3,10.4,11,0.545,42,0.595,5,0,0.532,0.54,4.3,4.5,15.8,0.2,1.6,0.38,0.69,0.46,4.4,109.8,93.5
152,Cheick Diallo,Det,F-C,25.5,3,10.2,21.3,16.3,8.6,6,0.833,8,0.375,0,0,0.375,0.517,3.7,4,21.2,0,0,0.33,0,0.33,0,115.4,92.3
153,Hamidou Diallo,Det,G,23.62,58,21.9,45.6,21.8,9,140,0.65,433,0.55,93,0.247,0.518,0.541,11,4.8,11.8,1.3,10,1.22,0.29,1,7.5,107.5,103.2
154,Gorgui Dieng,Atl,C,32.15,40,8.9,18.5,16.6,14.9,24,0.708,44,0.545,60,0.433,0.606,0.624,3.6,2.9,18.1,0.8,12.9,0.28,0.33,0.5,9.1,123.8,99.9
155,Spencer Dinwiddie,Was,G,28.94,44,30.2,63,21,11.6,143,0.811,266,0.432,226,0.31,0.447,0.501,12.6,4.7,8.6,5.8,27.8,0.61,0.16,1.66,9.3,109.1,109.3
156,Spencer Dinwiddie,Dal,G,28.94,11,30.8,64.1,22.3,8.3,55,0.691,78,0.551,52,0.442,0.596,0.626,17.5,2.7,4.9,4.5,23.6,0.64,0.18,1.27,7.8,125.2,104.9
157,Donte DiVincenzo,Mil,G,25.12,17,20.1,41.8,19.8,17.7,27,0.852,44,0.409,74,0.284,0.419,0.47,7.2,3.5,9.3,1.7,11.4,0.65,0.18,1.65,7,93.8,106.3
158,Donte DiVincenzo,Sac,G,25.12,12,23.4,48.7,16.8,12.7,19,0.895,27,0.333,61,0.328,0.443,0.493,7.9,3.9,9,3.1,17.8,1.33,0.17,1.17,7.8,106.1,109.6
159,Luka Doncic,Dal,F-G,23.04,52,35.7,74.3,37.1,15.3,386,0.741,688,0.526,440,0.339,0.519,0.561,28,9.3,14.4,8.6,45.2,1.21,0.56,4.5,14.7,108.9,101
160,Luguentz Dort,Okc,G,22.9,51,32.7,68,23.3,9.8,191,0.843,335,0.487,391,0.332,0.493,0.541,17.2,4.2,6.5,1.7,8.7,0.9,0.35,1.73,6.1,104.4,106.7
161,Ayo Dosunmu,Chi,G,22.15,62,26.9,56,13.6,16.3,66,0.667,260,0.6,143,0.406,0.603,0.613,8.5,2.9,5.9,3.3,16.2,0.82,0.44,1.35,6.4,114.8,107.4
162,Damyean Dotson,Nyk,G,27.86,2,10.3,21.5,8.5,0,0,0,3,0.667,1,0,0.5,0.5,2,1,5.1,0.5,7.1,0,0,0,3.9,113.4,117.5
163,Devon Dotson,Chi,G,22.61,11,7.7,16.1,16.5,15.6,9,0.556,14,0.643,9,0.222,0.522,0.538,2.6,0.8,5.9,1.4,23.6,0.09,0,0.45,7.4,109.6,104
164,Sekou Doumbouya,Lal,F,21.22,2,8.2,17.1,30.9,17,4,0.75,6,0.667,2,0.5,0.688,0.717,7,3,19.4,0,0,1.5,1,1,0,118.1,97.1
165,Jeff Dowtin,Gol,G,24.84,4,6.9,14.4,11,14.3,0,0,5,0.6,1,0,0.5,0.5,1.5,1.8,13.7,0.8,14.7,0,0.25,0.25,7.5,108.9,102.9
166,Jeff Dowtin,Mil,G,24.84,1,3,6.3,14.3,0,0,0,0,0,1,0,0,0,0,0,0,0,0,0,0,0,0,,
167,P.J. Dozier,Den,G-F,25.38,18,18.9,39.4,15.2,11,13,0.769,51,0.412,48,0.313,0.439,0.463,5.4,3.5,10.3,1.6,11.4,0.61,0.33,0.72,6.6,100.2,103.4
168,Goran Dragic,Tor,G,35.86,5,18,37.4,18.8,2.5,10,1,20,0.45,14,0.286,0.441,0.521,8,2.8,8.4,1.8,14.5,1,0.2,0.2,7.6,122,103.8
169,Goran Dragic,Bro,G,35.86,8,23,48,17,16.5,13,0.615,32,0.375,23,0.304,0.409,0.436,6.6,2.8,6.5,4.6,26.4,0.75,0.13,1.5,7.6,99.8,108.2
170,Andre Drummond,Phi,C,28.59,49,18.4,38.4,17.6,22.4,82,0.512,236,0.542,2,0,0.538,0.544,6.1,8.8,26.6,2,16.2,1.16,0.92,1.61,10.3,111.5,91.3
171,Andre Drummond,Bro,C,28.59,11,21.6,45.1,21.1,15.4,45,0.489,78,0.615,1,0,0.608,0.597,10.7,9.3,23.3,1.9,13.3,0.64,1,1.64,10.6,117.1,98.9
172,Chris Duarte,Ind,G,24.75,54,28.2,58.8,21.3,11.9,112,0.804,362,0.478,253,0.368,0.508,0.538,13.2,4.1,8.1,2.1,11.1,1.04,0.19,1.67,6.9,104.3,111.7
173,David Duke Jr.,Bro,G,22.42,21,16.2,33.7,16,7.1,21,0.81,71,0.423,37,0.243,0.403,0.444,5,3.2,10.7,0.8,6.7,0.67,0.33,0.43,5.8,104.2,105.4
174,Kevin Durant,Bro,F,33.45,41,36.6,76.3,31.5,12,290,0.897,620,0.573,218,0.372,0.569,0.628,29.6,7.3,10.8,5.9,28.1,0.8,0.93,3.22,11.9,119.5,109.8
175,Jaime Echenique,Was,C,24.88,1,3.1,6.5,0,,0,0,0,0,0,0,,,0,0,0,0,0,0,0,0,0,,
176,Anthony Edwards,Min,G,20.61,59,34.4,71.7,26.7,12.3,235,0.774,531,0.516,503,0.346,0.517,0.55,21.2,4.7,7.2,3.7,16.9,1.53,0.71,2.71,8.3,105.9,108.5
177,Kessler Edwards,Bro,F,21.59,34,22.2,46.2,13.7,15,12,0.833,96,0.448,103,0.34,0.48,0.492,5.9,3.9,9.6,0.6,3.8,0.68,0.5,1.06,4.3,94.3,108
178,Rob Edwards,Okc,G,25.15,2,5.5,11.4,19.8,20,0,0,0,0,4,0.25,0.375,0.375,1.5,1.5,14,0,0,0,0,0.5,0,59.8,113.1
179,CJ Elleby,Por,F-G,21.74,42,17.4,36.3,14.7,12.9,46,0.761,118,0.466,77,0.273,0.444,0.483,5,3.3,10.2,1.2,9.6,0.57,0.26,0.76,6.2,101.8,106.9
180,Wayne Ellington,Lal,G,34.29,38,18.4,38.3,13.6,7.3,5,0.8,21,0.571,181,0.392,0.587,0.59,6.3,1.7,4.9,0.7,4.9,0.55,0.08,0.42,4.3,112.6,112.2
181,Joel Embiid,Phi,C-F,28,54,33.3,69.3,37.1,10.7,646,0.82,837,0.515,202,0.356,0.519,0.608,29.8,11.3,18.9,4.4,24.8,1.06,1.46,2.94,13.7,119.7,100.8
182,James Ennis III,Bro,F,31.7,2,6.9,14.3,22,0,0,0,5,0.2,2,0.5,0.357,0.357,2.5,2.5,19.8,0,0,0.5,0.5,0,0,92.6,111.8
183,James Ennis III,Lac,F,31.7,2,14.1,29.3,21.5,7.3,4,1,7,0.714,4,0.5,0.727,0.784,10,2.5,9.2,0,0,0.5,0.5,0.5,0,145.3,98.3
184,James Ennis III,Den,F,31.7,3,4.6,9.7,23.5,13.4,1,0,4,0.5,2,0,0.333,0.311,1.3,0.7,8,1,30.5,0,0,0.33,8.4,82.4,110.2
185,Drew Eubanks,San,F-C,25.11,49,12.1,25.3,17,19.2,79,0.747,151,0.55,8,0.125,0.531,0.588,4.7,4,17.3,1,11.1,0.27,0.61,0.94,8.8,113.3,103.1
186,Drew Eubanks,Por,F-C,25.11,7,26,54.1,15.5,15.4,9,0.778,50,0.6,1,0,0.588,0.61,9.6,8.1,17.1,1,6.1,0.43,0.29,1.43,6.6,117.1,106.5
187,Tacko Fall,Cle,C,26.26,11,5.3,11.1,13.6,16.6,7,0.286,12,0.417,0,0,0.417,0.398,1.1,2.1,21.4,0.2,4.6,0,0.55,0.27,5.8,91.8,103
188,Derrick Favors,Okc,F,30.66,39,16.7,34.9,13.4,4.5,25,0.64,166,0.554,16,0.125,0.522,0.534,5.3,4.7,14.4,0.6,6,0.44,0.31,0.23,5.9,118.8,103.4
189,Bruno Fernando,Bos,F-C,23.58,20,2.9,6.1,16,23.6,5,0.8,13,0.462,1,1,0.536,0.586,1,0.8,13.8,0.2,9.8,0,0.15,0.25,7.5,,
190,Bruno Fernando,Hou,F-C,23.58,5,8.3,17.4,23.6,12.9,5,0.8,17,0.765,1,0,0.722,0.743,6,3.8,25,0,0,0,0.6,0.6,0,128.2,95.8
191,Dorian Finney-Smith,Dal,F,28.86,66,33.2,69.1,13.8,10.5,75,0.667,220,0.577,349,0.387,0.579,0.589,10.7,4.9,8.1,1.9,8.4,1.15,0.5,1.08,5.6,117.3,104.2
192,Malik Fitts,Uta,F,20,7,5,10.4,13.7,18.2,0,0,5,0,4,0.5,0.333,0.333,0.9,1.4,15.6,0,0,0,0,0.29,0,57,101.9
193,Malik Fitts,Bos,F,20,2,2.3,4.8,19.1,0,0,0,0,0,2,0,0,0,0,0.5,11.6,0,0,0,0,0,0,,
194,Malachi Flynn,Tor,G,23.84,40,12,25,16.3,6,23,0.609,81,0.481,81,0.333,0.491,0.503,4.3,1.4,6.4,1.6,18.9,0.45,0.1,0.28,7.1,115.3,106.1
195,Bryn Forbes,San,G,28.64,40,16.9,35.2,21.9,9.4,49,0.898,145,0.448,151,0.417,0.539,0.572,9.1,1.6,4.9,1,8.5,0.43,0.08,0.83,5.8,107.2,111.5
196,Bryn Forbes,Den,G,28.64,25,19.5,40.6,21.1,8.6,30,0.9,88,0.455,112,0.42,0.553,0.582,9.9,1,2.8,1,7.6,0.24,0.08,0.8,4.4,108.6,108.4
197,Aleem Ford,Orl,F,20,5,14.7,30.6,14.1,16.7,0,0,5,0.8,15,0.133,0.35,0.35,2.8,3,10.8,0.4,3.8,0.2,0,0.8,4.1,67.3,105.6
198,Trent Forrest,Uta,G,23.75,54,12.6,26.3,12.6,23.2,43,0.837,109,0.569,24,0.208,0.523,0.576,3.2,1.6,7.1,1.7,18.2,0.5,0.06,0.85,6.5,111.7,107.6
199,Evan Fournier,Nyk,G-F,29.37,66,29.7,61.9,20.9,9.5,98,0.714,306,0.474,500,0.394,0.547,0.56,14.4,2.8,4.9,1.8,10.3,0.91,0.27,1.35,5.6,108.7,107.9
200,De'Aaron Fox,Sac,G,24.23,57,35.2,73.2,28.8,11.5,340,0.747,814,0.525,230,0.296,0.507,0.55,23,3.9,6,5.6,26.5,1.14,0.44,2.72,9,108.4,110.7
201,Tim Frazier,Orl,G,31.37,10,20,41.6,13,21.7,9,0.556,26,0.269,17,0.353,0.372,0.394,3.7,1.9,5,3.3,22.8,0.3,0.1,1.3,5.7,89.1,105.7
202,Tim Frazier,Cle,G,31.37,2,4.1,8.4,21.8,50,0,0,2,0.5,0,0,0.5,0.5,1,0,0,0.5,17.7,0,0,1,0,57.2,76.2
203,Enes Freedom,Bos,C,29.81,35,11.8,24.5,13.8,15.5,28,0.857,92,0.533,5,0.4,0.536,0.585,3.7,4.6,20.8,0.2,2.8,0.14,0.4,0.57,5.1,121.4,97
204,Markelle Fultz,Orl,G,23.79,6,17.4,36.2,25.3,16.5,13,0.769,40,0.55,5,0.4,0.556,0.591,10,2.8,8.6,5.5,56.4,0.83,0.17,1.67,12.3,119.5,106.7
205,Wenyen Gabriel,Bro,F,24.97,1,1.3,2.7,0,,0,0,0,0,0,0,,,0,1,41.8,0,0,0,0,0,0,,
206,Wenyen Gabriel,Lac,F,24.97,6,7.7,16.1,16.8,16.9,4,0.5,8,0.375,5,0.4,0.462,0.474,2.3,2.3,15.7,0.3,6,0.17,0.33,0.5,6.1,97.7,85.6
207,Wenyen Gabriel,Lal,F,24.97,4,7.8,16.2,24.9,11.1,9,0.444,7,0.286,5,0.4,0.417,0.439,3.5,3,20.5,0.5,8.9,0,0,0.5,8.9,104.6,96.3
208,Daniel Gafford,Was,F-C,23.45,57,20.4,42.6,16.3,12.7,103,0.718,327,0.685,0,0,0.685,0.701,9.2,5.9,15.9,1,7.7,0.4,1.49,0.95,7.4,135.2,103.7
209,Danilo Gallinari,Atl,F,33.6,56,24.5,51.1,18,5.7,140,0.9,235,0.46,235,0.387,0.52,0.578,11,4.6,10.3,1.4,8.1,0.46,0.2,0.57,6.8,119.8,111.4
210,Langston Galloway,Bro,G,30.26,4,14.6,30.3,13.3,27.8,0,0,5,0.6,8,0.25,0.462,0.462,3,2,7.5,1.3,11.1,0,0,1.25,5.4,80,109.8
211,Langston Galloway,Mil,G,30.26,3,16.2,33.7,12.3,7.1,0,0,5,0.2,8,0,0.077,0.077,0.7,3.3,10.9,2.3,17.2,0.33,0,0.33,4.3,56.3,109.7
212,Darius Garland,Cle,G,22.13,53,34.9,72.8,27.9,18.1,157,0.911,528,0.538,361,0.377,0.549,0.584,21.1,3.4,5.3,8.2,39.7,1.23,0.11,4,9.6,110.3,106.9
213,Marcus Garrett,Mia,G,23.34,12,10.7,22.3,8.7,7.9,5,0.4,17,0.235,4,0.25,0.262,0.28,1.1,1.9,10.1,0.6,7,0.42,0.25,0.17,4,89.6,97.8
214,Usman Garuba,Hou,F,20.01,16,7,14.5,11.3,13.4,2,0.5,11,0.545,14,0.214,0.42,0.425,1.4,2.3,18.2,0.5,9.8,0.5,0.44,0.25,6.7,101,105.1
215,Luka Garza,Det,C,23.21,30,11.4,23.7,20.3,10.5,44,0.659,84,0.5,41,0.341,0.504,0.537,5.2,2.9,13.9,0.5,7.6,0.27,0.13,0.57,6.9,113.3,103.3
216,Rudy Gay,Uta,F-G,35.57,43,18.8,39.1,20.2,9.9,72,0.778,139,0.475,166,0.337,0.492,0.529,8.3,4.3,12.6,1,7.7,0.51,0.3,0.86,7,109.5,102.7
217,Paul George,Lac,F,31.87,26,35.5,74,34,15.2,117,0.88,339,0.484,217,0.323,0.484,0.528,24.7,7.1,10.4,5.5,26.9,2.04,0.38,4.19,11.1,97.9,102.4
218,Taj Gibson,Nyk,F,36.72,44,17.9,37.3,9.4,14.2,40,0.775,105,0.571,23,0.391,0.574,0.611,4,4.4,13.1,0.6,4.8,0.41,0.8,0.55,4.9,127,96.9
219,Josh Giddey,Okc,G,19.43,54,31.5,65.6,22.2,19.5,79,0.709,457,0.492,213,0.263,0.461,0.478,12.5,7.8,12.6,6.4,32.7,0.94,0.37,3.17,10.9,97.5,108.1
220,Shai Gilgeous-Alexander,Okc,G-F,23.67,52,34.6,72.2,30.7,11.2,382,0.812,692,0.504,278,0.288,0.484,0.548,24,4.9,7.2,5.9,31,1.31,0.81,2.75,10.2,109.9,107.5
221,Anthony Gill,Was,F,29.4,31,8.5,17.7,15,12.4,33,0.727,48,0.604,15,0.6,0.675,0.703,3.5,1.5,9.6,0.5,8.9,0.13,0.19,0.35,6.5,135.5,101.6
222,Freddie Gillespie,Orl,F,20,9,13.2,27.5,11,16.6,7,0.429,21,0.429,1,0,0.409,0.419,2.3,4,16.1,0.6,5.9,0.33,1,0.56,5.4,98,97.8
223,Rudy Gobert,Uta,C,29.71,52,32,66.6,16.8,14.6,331,0.689,401,0.716,2,0,0.712,0.731,15.4,14.7,25.1,1.1,5.3,0.67,2.23,1.81,7.9,138,98.9
224,Brandon Goodwin,Cle,G,26.45,24,16.2,33.7,18.6,16.5,21,0.619,79,0.443,48,0.333,0.465,0.481,5.5,2.4,8,3.4,30.7,0.88,0,1.13,8.8,104.9,101.3
225,Jordan Goodwin,Was,G,23.39,2,3,6.1,22.6,0,0,0,2,0,1,0,0,0,0,0.5,9.3,0,0,0,0,0,0,,
226,Aaron Gordon,Den,F,26.49,62,31.7,66,19.4,12.6,190,0.737,457,0.604,217,0.313,0.561,0.591,14.5,5.7,10,2.5,11.8,0.66,0.55,1.76,7.5,113.9,108.4
227,Eric Gordon,Hou,G,33.21,54,29.6,61.7,18.9,14.7,135,0.778,259,0.548,289,0.408,0.582,0.612,13.8,2,3.7,2.8,14.5,0.5,0.33,1.94,5.8,111.1,119.4
228,Devonte' Graham,Nor,G,27.06,64,29.9,62.2,19.8,11,121,0.835,226,0.403,503,0.346,0.483,0.515,12.6,2.5,4.6,4.4,21.4,0.95,0.16,1.52,6.9,108.2,113
229,Jerami Grant,Det,F,28.01,43,32.5,67.7,25.4,9.8,236,0.839,408,0.463,234,0.342,0.481,0.547,19,4.1,6.8,2.4,12.8,0.93,1.09,1.88,7,107.4,111
230,Hassani Gravett,Orl,G,25.66,8,21.4,44.6,12.3,18.5,4,0.75,12,0.583,26,0.423,0.618,0.629,6.3,2.6,6.5,2.5,17,0.63,0.13,1.13,6.4,112.9,108.5
231,Danny Green,Phi,G,34.73,46,22.3,46.4,12.5,13,10,0.9,39,0.513,205,0.376,0.555,0.564,6.1,2.4,5.9,1,6.3,1,0.65,0.8,4.4,104.9,106.2
232,Draymond Green,Gol,F,32.03,34,29.9,62.4,14.4,31.5,67,0.597,159,0.604,42,0.286,0.567,0.581,7.9,7.6,13.7,7.4,33.2,1.38,1.21,3.12,10.2,110.1,97.7
233,Javonte Green,Chi,G-F,28.64,50,24.4,50.8,11.6,8.1,81,0.84,182,0.615,79,0.367,0.596,0.639,7.6,4.2,9.7,1,5.4,0.94,0.54,0.52,5.2,133,106.1
234,Jalen Green,Hou,G,20.09,53,31,64.7,23,12.4,179,0.799,365,0.496,338,0.32,0.488,0.53,15.6,3.2,5.6,2.6,13.1,0.7,0.23,2.09,6.5,101.4,117.1
235,JaMychal Green,Den,F-C,31.73,55,15.8,33,18.6,13.9,81,0.889,169,0.615,112,0.268,0.53,0.584,6.7,4.2,14.6,0.8,7.6,0.67,0.44,0.93,7.1,112.8,95.9
236,Jeff Green,Den,F,35.54,63,24.7,51.5,16.8,10.4,172,0.831,313,0.613,146,0.301,0.562,0.616,10.5,3.2,7.1,1.3,7.3,0.35,0.4,0.98,5.7,117.6,107.1
237,Josh Green,Dal,G,21.32,53,15.2,31.6,13.7,12.7,40,0.7,145,0.572,51,0.333,0.554,0.574,4.6,2.4,8.9,1.2,12,0.72,0.21,0.58,6.2,117.6,98.1
238,Blake Griffin,Bro,F,33,52,17.5,36.4,17,7.5,72,0.722,164,0.567,136,0.243,0.475,0.508,6.5,4.1,12.9,1.9,14.9,0.5,0.25,0.52,8.5,114.5,105.2
239,Quentin Grimes,Nyk,G,21.85,40,17.4,36.3,15.2,10.4,17,0.647,43,0.512,166,0.398,0.579,0.584,6.3,1.9,5.9,1,8.3,0.65,0.25,0.63,5.3,114.2,105.8
240,Kyle Guy,Mia,G,24.59,18,10.2,21.1,19.7,16,12,0.667,25,0.48,38,0.368,0.524,0.542,4.1,0.8,4.6,0.9,13.8,0.39,0.06,0.72,5.6,100.6,106.1
241,Rui Hachimura,Was,F,24.09,26,19.3,40.2,20.8,8.5,40,0.775,132,0.477,65,0.508,0.571,0.596,9.8,3.2,9,0.9,7.5,0.65,0.19,0.77,6.3,112.8,109.9
242,Tyrese Haliburton,Sac,G,22.04,51,34.4,71.8,18.2,15.4,104,0.837,334,0.491,252,0.413,0.546,0.575,14.3,3.9,6.1,7.4,31.2,1.69,0.67,2.25,8.7,116.9,114.5
243,Tyrese Haliburton,Ind,G,22.04,13,38.1,79.3,21.3,20.8,46,0.826,90,0.589,84,0.44,0.624,0.656,19.6,4.4,6.4,9.5,37.7,2.08,0.54,3.92,9.8,120.9,112.5
244,Tyler Hall,Nyk,G,24.97,1,1.9,4,0,,0,0,0,0,0,0,,,0,0,0,0,0,0,0,0,0,,
245,R.J. Hampton,Orl,G,21.1,51,20.2,42.2,18.7,15.2,96,0.615,202,0.396,134,0.373,0.461,0.488,7.2,2.9,7.5,2.3,17.3,0.67,0.24,1.33,7.2,94.7,108.4
246,Tim Hardaway Jr.,Dal,G-F,29.99,42,29.6,61.8,22,5.6,103,0.757,226,0.473,304,0.336,0.491,0.52,14.2,3.7,6.9,2.2,11.5,0.9,0.14,0.81,6.6,106.6,105.4
247,James Harden,Bro,G,32.55,44,37,77.1,28.4,19.8,350,0.869,399,0.476,307,0.332,0.486,0.576,22.5,8,11.7,10.2,40.2,1.27,0.7,4.82,13.2,111.5,107.9
248,James Harden,Phi,G,32.55,7,36.7,76.5,26.1,14.1,64,0.891,53,0.434,47,0.404,0.515,0.624,22.9,7.1,10.8,10.4,44.2,1.57,0,3,13,127.6,102.6
249,Maurice Harkless,Sac,F-G,28.84,44,19.3,40.2,11.2,13,28,0.714,80,0.65,101,0.307,0.544,0.561,4.9,2.5,6.9,0.5,3.5,0.64,0.55,0.66,3.8,102.3,109.9
250,Jared Harper,Nor,G,24.5,2,5.3,10.9,32.8,12.5,0,0,5,0.4,2,0.5,0.5,0.5,3.5,0.5,5.2,1.5,52.9,0,0.5,0.5,10.4,109.7,100.4
251,Montrezl Harrell,Was,F-C,28.13,46,24.3,50.6,20.8,9.6,205,0.727,368,0.66,15,0.267,0.65,0.684,14.1,6.7,15.2,2.1,14.1,0.39,0.67,1.09,9.6,135.5,107.8
252,Montrezl Harrell,Cha,F-C,28.13,12,24.6,51.2,19.8,9.4,53,0.642,101,0.624,1,0,0.618,0.638,13.3,6.8,14.4,1.8,10.8,0.42,0.42,1.08,8.9,128.9,107
253,Gary Harris,Orl,G,27.5,59,28.6,59.5,16.3,9.3,93,0.871,243,0.498,292,0.39,0.546,0.577,11.3,2,3.7,1.8,9.7,0.93,0.15,1,4.8,111.5,111.4
254,Joe Harris,Bro,G-F,30.52,14,30.2,62.9,14.5,11.2,6,0.833,36,0.417,88,0.466,0.617,0.624,11.3,4,7.2,1,4.5,0.5,0.14,1.14,4.7,111.8,110.2
255,Shaquille Harrison,Bro,G,28.44,2,11.3,23.5,15.3,25,0,0,4,0.5,2,0,0.333,0.333,2,2,9.6,1.5,17.1,0.5,0.5,1,6.4,75.3,101.5
256,Tobias Harris,Phi,F,29.66,57,35.3,73.5,22.6,9.3,184,0.859,633,0.518,201,0.353,0.521,0.561,18,7,11.1,3.5,16.1,0.56,0.67,1.65,8.6,112.3,107.6
257,Isaiah Hartenstein,Lac,C-F,23.86,56,16.7,34.8,18.5,16.2,102,0.627,273,0.645,13,0.385,0.642,0.651,7.7,4.5,13.9,2,18.8,0.73,1.14,1.14,9.8,124.7,95.1
258,Josh Hart,Nor,G,27.02,41,33.5,69.8,16.8,15.1,154,0.753,256,0.598,130,0.323,0.56,0.604,13.4,7.8,12.7,4.1,17.9,1.1,0.27,1.98,9,117.6,105
259,Josh Hart,Por,G,27.02,9,31.2,65,24.7,16.3,40,0.775,59,0.61,57,0.333,0.556,0.599,17.8,5.6,9.7,4.2,22.4,1.44,0.22,2.89,9.6,110.9,108.6
260,Udonis Haslem,Mia,F,41.76,9,6.3,13.1,20.5,11.4,3,1,20,0.5,2,0.5,0.523,0.557,2.9,2,17.8,0.3,8.5,0.11,0.11,0.33,7.6,109.8,87
261,Sam Hauser,Bos,F,24.26,15,4.3,9.1,14.8,4.5,0,0,0,0,21,0.381,0.571,0.571,1.6,0.5,6.6,0.3,8.8,0.07,0.07,0.07,5.8,118.2,103.9
262,Jaxson Hayes,Nor,C-F,21.81,56,18.3,38.1,16.6,10.6,145,0.766,255,0.686,35,0.314,0.66,0.698,8.8,4.2,12.7,0.6,4.9,0.45,0.75,0.75,6.1,133.3,101.7
263,Killian Hayes,Det,G,20.63,53,24.4,50.9,14.9,19.8,60,0.767,206,0.422,127,0.26,0.41,0.444,6,3,6.7,4.2,24.8,1.06,0.51,1.68,6.9,94.7,106.2
264,Gordon Hayward,Cha,F,31.98,48,32.2,67.1,20.7,10.6,149,0.846,393,0.499,218,0.39,0.529,0.571,16.1,4.6,7.5,3.6,16.2,0.96,0.46,1.67,8,113.3,112.1
265,Aaron Henry,Phi,F,22.54,6,2.8,5.9,18.5,28.6,0,0,4,0.25,1,0,0.2,0.2,0.3,0.2,3.3,0,0,0,0.33,0.33,0,,
266,Juancho Hernangomez,Bos,F,26.46,18,5.3,11.1,17,16.2,9,0.667,9,0.222,18,0.167,0.241,0.307,1.1,1.4,14,0.2,4.1,0.22,0.11,0.33,5.1,74.6,100.8
267,Juancho Hernangomez,San,F,26.46,5,10.1,21.1,8.1,20.5,4,0.75,3,0.667,3,0,0.333,0.451,1.4,3,15.5,0.6,6.9,0.2,0.2,0.4,5.4,105.6,114.6
268,Juancho Hernangomez,Uta,F,26.46,4,4.9,10.1,17.4,25.8,4,0.5,1,1,3,0.667,1,0.868,2.5,0.5,5.6,0.5,14.9,0,0.25,0.5,7,125.4,110.6
269,Willy Hernangomez,Nor,C-F,27.8,38,16.6,34.6,22.1,11.1,104,0.74,233,0.549,9,0.444,0.554,0.599,9.1,6.8,22.4,1.2,12.1,0.45,0.42,0.95,10.1,124.7,100.9
270,Tyler Herro,Mia,G,22.15,56,32.8,68.2,29.1,12.3,185,0.87,593,0.474,381,0.391,0.518,0.554,20.9,4.8,8.2,3.8,20.2,0.7,0.14,2.64,8.8,105.9,107.9
271,Buddy Hield,Sac,G,29.24,55,28.6,59.6,22.4,10.9,92,0.87,198,0.419,495,0.368,0.514,0.54,14.4,4,7.6,1.9,9.9,0.87,0.27,1.64,6.7,103.4,111.6
272,Buddy Hield,Ind,G,29.24,13,38.9,81.1,21.4,11.5,18,0.889,101,0.594,114,0.351,0.558,0.574,19.7,5.4,7.6,5.6,22.2,0.85,0.31,2.23,8.7,113.7,111.7
273,Haywood Highsmith,Mia,F,25.26,13,8,16.7,12.7,6.7,4,0.5,9,0.222,17,0.412,0.481,0.486,2.1,1.3,9.2,0.1,1.3,0.08,0.15,0.15,3.2,105.7,104.6
274,George Hill,Mil,G,35.86,41,25.5,53,11.9,12,50,0.96,117,0.556,117,0.316,0.515,0.564,7,3.2,6.7,2.5,12.7,0.8,0.15,0.85,6,119.6,109.5
275,Malcolm Hill,Atl,F,26.38,3,15.3,31.9,9.3,0,4,1,3,0.667,5,0.6,0.813,0.871,5.7,2,7.2,0.3,2.9,1.33,0.33,0,3.9,183.5,98.9
276,Malcolm Hill,Chi,F,26.38,14,10.8,22.5,13.8,4.2,10,0.7,12,0.667,29,0.345,0.561,0.584,3.8,1.9,9.6,0.3,3.5,0.14,0.14,0.14,4.8,124.5,106.7
277,Solomon Hill,Atl,F,30.99,13,10.7,22.3,6.6,4.8,0,0,7,0.143,13,0.154,0.2,0.2,0.6,1.8,9.1,0.9,10.3,0.31,0.15,0.08,3.7,87.5,105.8
278,Nate Hinton,Ind,G-F,22.77,2,1.2,2.5,35.8,50,0,0,1,0,0,0,0,0,0,0,0,0,0,0,0,0.5,0,,
279,Jaylen Hoard,Okc,F,22.96,1,1.8,3.8,24,0,0,0,1,0,0,0,0,0,0,2,56.7,0,0,0,0,0,0,,
280,Aaron Holiday,Was,G,25.45,41,16.2,33.7,18,14.5,35,0.8,147,0.524,67,0.343,0.521,0.547,6.1,1.6,5.6,1.9,17.3,0.59,0.22,0.95,6.5,105,108.4
281,Aaron Holiday,Pho,G,25.45,12,17.8,37.1,19.9,15.3,19,0.947,54,0.463,21,0.524,0.553,0.606,8.4,2.3,6.7,3.8,28.8,0.92,0,1.25,9.4,121.6,103.4
282,Jrue Holiday,Mil,G,31.75,55,33.2,69.2,23.3,15.2,144,0.764,524,0.546,257,0.416,0.572,0.594,18.2,4.6,7.3,6.7,31.5,1.51,0.47,2.75,9.9,117.4,107.6
283,Justin Holiday,Ind,F-G,32.94,49,28.9,60.2,15.9,9.3,41,0.829,122,0.516,336,0.378,0.553,0.568,11,2.8,5.3,1.8,8.9,0.73,0.37,1,5.3,111.2,112.1
284,Justin Holiday,Sac,F-G,32.94,13,27.5,57.3,15.9,8.3,9,0.889,37,0.405,81,0.296,0.432,0.451,8.5,2.3,4.5,1.5,7.6,0.85,0.69,0.85,4.5,94,111.9
285,Richaun Holmes,Sac,F,28.41,43,24.4,50.9,15.9,14.3,90,0.778,290,0.666,5,0.4,0.664,0.69,10.7,7.3,16.1,1.1,6.8,0.4,0.93,1.3,7.2,128.1,104.8
286,Rodney Hood,Mil,G-F,29.4,39,14.9,31.1,10.6,4.9,14,0.929,51,0.431,80,0.3,0.443,0.47,3.3,1.7,6.1,0.8,6.6,0.31,0.1,0.18,4.4,107,111.1
287,Rodney Hood,Lac,G-F,29.4,6,7,14.5,10.5,0,0,0,5,0.4,5,0.6,0.65,0.65,2.2,0.3,2.5,0.3,6.8,0.33,0.17,0,3.3,133.3,115.3
288,Scotty Hopson,Okc,G-F,32.6,1,17.7,36.9,14.6,33.3,0,0,3,0.667,1,0,0.5,0.5,4,1,2.9,1,8.4,0,0,2,3.6,69.5,113.5
289,Al Horford,Bos,C-F,35.78,59,29,60.4,15.5,9.6,86,0.849,269,0.576,237,0.316,0.529,0.559,10.3,7.6,14.1,3.3,16.7,0.68,1.36,0.98,8.8,121,101.4
290,Talen Horton-Tucker,Lal,G,21.3,49,26,54.2,18.4,13.3,96,0.781,282,0.486,147,0.265,0.456,0.494,9.5,3.3,6.7,2.7,14.4,0.92,0.53,1.47,6.8,99.5,106.3
291,Danuel House Jr.,Hou,F-G,28.77,16,14.5,30.3,18.3,17.9,19,0.895,40,0.375,34,0.294,0.405,0.467,4.8,2.7,10.1,1.2,11.6,0.31,0.31,1.13,6.9,89,112.7
292,Danuel House Jr.,Nyk,F-G,28.77,1,3.4,7.1,12.9,0,0,0,0,0,1,0,0,0,0,0,0,0,0,0,0,0,0,,
293,Danuel House Jr.,Uta,F-G,28.77,18,18.8,39.2,12.8,7,26,0.692,28,0.536,53,0.453,0.63,0.649,6.7,2.7,7.9,1.2,8.9,0.5,0.44,0.39,5.9,134.8,106.7
294,Dwight Howard,Lal,C-F,36.26,48,14.8,30.7,14.1,16.4,97,0.629,142,0.606,9,0.667,0.629,0.648,5.2,5.6,20.2,0.6,5.5,0.6,0.6,0.79,7,127.6,98
295,Markus Howard,Den,G,23.03,27,5.3,11,27.6,6.7,15,0.867,21,0.238,56,0.411,0.513,0.55,3.4,0.3,2.7,0.2,6.4,0.26,0,0.22,4.4,103.9,107.1
296,Kevin Huerter,Atl,G-F,23.55,59,29.3,61,17.2,10.6,39,0.795,280,0.543,309,0.385,0.561,0.571,11.7,3.3,6.1,2.7,13.1,0.66,0.36,1.22,6.4,111.5,110.5
297,Jay Huff,Lal,C,24.55,4,5.1,10.6,8.5,25,0,0,1,0,2,0,0,0,0,1,10.5,0.3,5.8,0.25,0.25,0.25,0,34,109.3
298,Elijah Hughes,Uta,G,24.01,14,8,16.7,17.2,15.8,3,1,8,0.625,28,0.357,0.556,0.576,3.1,1.2,8.3,0.4,7.5,0.29,0.07,0.5,5.7,104.7,106.4
299,Elijah Hughes,Por,G,24.01,9,14.3,29.7,16.6,12.3,2,0.5,15,0.267,27,0.148,0.238,0.245,2.3,2.3,8.9,0.7,6.3,0.44,0.33,0.67,4.3,57.1,107.7
300,De'Andre Hunter,Atl,F-G,24.28,39,29.8,62,19.5,10.1,119,0.756,270,0.485,140,0.386,0.517,0.556,13.2,3.2,5.8,1.2,5.9,0.67,0.33,1.33,5,106.3,108.2
301,Chandler Hutchison,Pho,F-G,25.88,6,3.7,7.8,13.3,58.1,2,1,2,0.5,0,0,0.5,0.694,0.7,0.8,11.9,0.3,10.4,0,0,0.67,6,,
302,Bones Hyland,Den,G,21.49,55,17.7,36.9,23.8,12.1,79,0.861,163,0.405,266,0.365,0.493,0.529,8.9,2.7,8.4,2.3,18.6,0.55,0.24,1.16,8.6,103.3,101
303,Serge Ibaka,Lac,F,32.49,35,15.4,32.1,19.4,13.9,29,0.69,130,0.538,62,0.387,0.552,0.567,6.6,4.3,14.5,1,10.3,0.2,0.74,0.94,7.9,108.7,100.6
304,Serge Ibaka,Mil,F,32.49,11,19.6,40.8,14.4,9.7,10,0.7,40,0.6,21,0.381,0.59,0.604,7.2,5.9,15.9,0.5,3.3,0.27,0.55,0.64,5.7,119.9,100
305,Andre Iguodala,Gol,G-F,38.12,26,19.9,41.5,11.1,17.4,16,0.813,41,0.634,61,0.23,0.461,0.491,4.1,3.3,9,3.8,24.9,0.85,0.81,0.88,7.5,117.1,105.4
306,Joe Ingles,Uta,F-G,34.45,45,24.9,51.9,13.2,13.5,22,0.773,60,0.617,225,0.347,0.54,0.551,7.2,2.9,6.4,3.5,18.9,0.51,0.11,1.02,6.7,116.9,107
307,Brandon Ingram,Nor,F,24.53,50,34.2,71.3,29.4,11.6,277,0.816,696,0.501,215,0.335,0.502,0.552,22.8,5.7,9.1,5.5,27.9,0.64,0.46,2.72,10.5,110.3,109.7
308,Kyrie Irving,Bro,G,29.97,18,36.2,75.3,29,9.8,78,0.897,231,0.515,130,0.408,0.55,0.591,25.9,4.6,6.8,5.4,24.9,1.22,0.67,2.39,9.5,115.8,109.6
309,Wes Iwundu,Atl,F,27.23,3,27.4,57.1,11.1,4.8,4,0.75,13,0.385,5,0.6,0.528,0.557,7.3,4.3,8.7,0,0,0.33,0,0.33,0,115.1,108.8
310,Jaren Jackson Jr.,Mem,F-C,22.49,68,27.6,57.4,25.3,9.6,304,0.809,559,0.479,352,0.315,0.477,0.534,16.4,5.9,11.1,1,5.4,0.93,2.24,1.63,6.7,108.1,99.6
311,Frank Jackson,Det,G,23.86,44,22.3,46.5,20.7,7.4,78,0.795,165,0.539,241,0.32,0.504,0.535,10.7,1.6,3.8,1,7,0.52,0.2,0.8,4.6,104.9,112.3
312,Isaiah Jackson,Ind,F,20.17,29,13.3,27.7,23.3,13.3,68,0.647,140,0.593,12,0.333,0.586,0.61,7.7,4.1,17.1,0.3,3.3,0.48,1.34,0.97,6.4,115.3,96.4
313,Josh Jackson,Det,G-F,25.09,39,18.1,37.8,19,12.1,56,0.714,138,0.529,113,0.265,0.47,0.501,7.1,3.2,9.4,1.3,10.9,0.54,0.46,0.97,6.8,97.7,106.6
314,Josh Jackson,Sac,G-F,25.09,4,3.3,6.8,32.5,20.2,2,1,3,0.333,4,0,0.143,0.254,1,0.5,8.3,0.3,10,0.25,0.25,0.5,6.4,,
315,Justin Jackson,Bos,F,26.96,1,2,4.2,41.3,0,2,1,1,0,0,0,0,0.532,2,0,0,0,0,0,0,0,0,,
316,Justin Jackson,Pho,F,26.96,6,5.8,12,18.8,6.7,0,0,5,0.4,9,0.333,0.464,0.464,2.2,1.2,10.8,0.3,7.7,0,0,0.17,6.4,96.2,102.3
317,Reggie Jackson,Lac,G,31.91,66,31.3,65.2,27.4,11.8,144,0.84,619,0.443,458,0.332,0.466,0.493,17,3.8,6.3,4.8,24.9,0.74,0.18,2.3,8.6,99.4,107.7
318,LeBron James,Lal,F,37.2,49,36.8,76.7,32,12.5,292,0.771,656,0.619,391,0.358,0.588,0.62,29.7,8.1,11.8,6.3,31.2,1.43,1.04,3.43,12.5,117,107.8
319,DeJon Jarreau,Ind,G,24.14,1,0.9,1.9,0,,0,0,0,0,0,0,,,0,0,0,0,0,0,0,0,0,,
320,DaQuan Jeffries,Mem,G-F,24.54,3,2.9,6.1,9.3,0,0,0,1,1,1,0,0.5,0.5,0.7,0.7,11.8,0.3,14.5,0,0,0,7.3,,
321,Ty Jerome,Okc,G-F,24.68,48,16.7,34.8,20.8,9.6,47,0.809,142,0.493,186,0.29,0.46,0.488,7.1,1.6,5,2.3,21.6,0.63,0.1,0.77,7.1,103.1,106.9
322,Isaiah Joe,Phi,G,22.7,47,11.8,24.5,14.9,8.7,26,0.923,35,0.429,121,0.331,0.481,0.52,3.7,1.1,5,0.7,8.2,0.26,0.06,0.34,4.8,104.1,108.1
323,Alize Johnson,Chi,F,25.89,16,7.5,15.7,12.4,23.5,7,0.571,21,0.571,2,0,0.522,0.537,1.8,2.3,16.7,0.5,8.6,0.19,0,0.5,6.8,112.8,101.8
324,Alize Johnson,Was,F,25.89,3,6.1,12.6,23,31.8,1,0,4,0.5,2,0,0.333,0.311,1.3,4,36.3,0,0,0,0,1,0,73.6,111.9
325,Alize Johnson,Nor,F,25.89,4,7.1,14.8,19.3,7.8,4,0.75,10,0.3,0,0,0.3,0.383,2.3,3.3,25.1,0.3,4.9,0.5,0,0.25,7.4,106,99.9
326,BJ Johnson,Orl,F,26.23,4,16.2,33.6,16.8,0,0,0,15,0.467,10,0.4,0.52,0.52,6.5,3.8,12.3,0,0,0,0.25,0,0,113.3,111.2
327,Cameron Johnson,Pho,F,26.03,60,26.3,54.8,17.3,5.9,102,0.873,194,0.526,355,0.448,0.62,0.648,12.8,4.1,8.3,1.5,7.7,0.83,0.23,0.62,6.5,126.9,104
328,David Johnson,Tor,G,21.04,2,1,2.1,21.4,0,0,0,0,0,1,0,0,0,0,0,0,0,0,0,0,0,0,,
329,James Johnson,Bro,F,35.06,52,19.7,41.1,14.6,12.1,52,0.538,202,0.55,80,0.288,0.516,0.523,6.1,3.5,9.7,2.1,14.8,0.5,0.52,0.81,7.2,110.2,102.9
330,Jalen Johnson,Atl,F,20.24,16,4.2,8.8,18.5,14,6,0.667,14,0.571,8,0.375,0.568,0.588,1.8,1.1,13.8,0.1,2.1,0,0.06,0.25,5.6,99.5,111.9
331,Joe Johnson,Bos,G-F,40.71,1,2,4.2,22,0,0,0,1,1,0,0,1,1,2,0,0,0,0,0,0,0,0,,
332,Keldon Johnson,San,F-G,22.42,62,31.5,65.7,20.6,8.2,178,0.747,502,0.498,297,0.404,0.538,0.566,16,6.1,10.1,1.8,7.9,0.73,0.15,1.26,7.1,111.1,109.8
333,Keon Johnson,Lac,G,20.01,15,9,18.7,21.9,10.4,21,0.762,40,0.35,11,0.273,0.363,0.44,3.5,1.4,8.1,0.9,13.8,0.47,0.13,0.47,7.3,95.5,95.7
334,Keon Johnson,Por,G,20.01,7,23.3,48.6,19.5,9.6,12,0.917,38,0.263,23,0.391,0.385,0.438,8.3,2.7,6.3,2.3,14.3,0.86,0.14,1,6.4,96.4,113.4
335,Stanley Johnson,Lal,F-G,25.79,33,21.7,45.2,12,9.5,39,0.692,95,0.579,68,0.324,0.54,0.563,6.2,3.1,7.7,1.5,9.1,0.88,0.36,0.58,5.7,115.9,103.9
336,Tyler Johnson,Phi,G,29.85,3,12.7,26.5,12.9,9.1,0,0,3,0.333,7,0.429,0.55,0.55,3.7,2,8.7,0.7,7.5,0.33,0.33,0.33,5.4,109.1,102.9
337,Tyler Johnson,San,G,29.85,3,17.7,36.9,8.7,9.1,0,0,4,0,6,0.333,0.3,0.3,2,2,5.9,1.7,10.9,0.67,0.67,0.33,4.3,88.4,111.7
338,Nikola Jokic,Den,C,27.06,61,33.1,69,31.4,15.7,361,0.806,801,0.644,255,0.349,0.615,0.654,26.1,13.8,23.1,8.1,44.1,1.33,0.82,3.72,17.3,125.6,99.8
339,Derrick Jones Jr.,Chi,F,25.07,42,17.7,36.8,12.6,10.4,57,0.789,120,0.633,45,0.356,0.606,0.644,5.8,3.4,10.8,0.5,3.8,0.45,0.71,0.52,4.8,128.8,102
340,Carlik Jones,Dal,G,24.22,3,6.4,13.3,25.5,27.6,2,1,6,0,1,0,0,0.127,0.7,1,8.6,1.7,32.2,0.33,0,1,6.6,51.5,111
341,Carlik Jones,Den,G,24.22,2,2,4.2,22,0,0,0,2,0.5,0,0,0.5,0.5,1,0,0,0,0,0,0,0,0,,
342,Damian Jones,Sac,C,26.7,45,15.9,33.2,15.2,16.9,82,0.72,158,0.671,18,0.278,0.645,0.674,6.4,3.9,13.2,1.1,10.1,0.4,0.71,0.96,7.6,125,103.3
343,Herbert Jones,Nor,F,23.44,65,30.1,62.6,13.7,13.8,131,0.847,351,0.536,127,0.339,0.528,0.575,9.5,3.9,7.1,2.2,10.3,1.51,0.82,1.32,5.8,114,104.6
344,Jemerrio Jones,Lal,F,26.93,2,7.4,15.3,8.8,0,0,0,3,0.667,0,0,0.667,0.667,2,1.5,10.8,0,0,0.5,0,0,0,155.9,101.3
345,Kai Jones,Cha,C-F,21.15,19,3,6.3,16.5,26.6,8,0.375,11,0.636,2,0.5,0.654,0.605,1.1,0.6,10,0.2,9.5,0.05,0,0.32,6.8,,
346,Mason Jones,Lal,G,23.65,2,4.4,9.2,48.3,10.1,2,0.5,6,0.333,2,0,0.25,0.282,2.5,1,12.1,0,0,0.5,0,0.5,0,60.2,99.7
347,Tre Jones,San,G,22.18,55,14.9,31,15.5,11.6,62,0.774,212,0.542,27,0.111,0.5,0.539,5.2,2.1,7.3,2.9,25.7,0.55,0.05,0.64,8.5,117.7,109.4
348,Tyus Jones,Mem,G,25.84,62,20.2,42.2,16.7,7.9,53,0.83,280,0.511,166,0.361,0.522,0.543,8.2,2.4,6.2,4,27.3,0.92,0.03,0.65,8.5,123.2,111.7
349,DeAndre Jordan,Lal,C,33.64,32,12.8,26.6,12.8,17.3,26,0.462,89,0.674,0,0,0.674,0.657,4.1,5.4,22.4,0.4,4.5,0.31,0.81,0.66,6.5,124.9,98.4
350,DeAndre Jordan,Phi,C,33.64,3,13.2,27.5,15.6,36.3,4,1,7,0.571,0,0,0.571,0.685,4,5.3,22.4,0.7,7.2,0.33,0.33,1.67,7.4,114.1,106.1
351,Cory Joseph,Det,G,30.57,57,24.9,51.8,14.2,16.3,99,0.869,213,0.469,135,0.415,0.529,0.58,8,2.6,5.7,3.8,22.5,0.65,0.28,1.33,6.9,115.2,109.8
352,Georgios Kalaitzakis,Mil,F,23.2,9,5.3,11.1,17,21.1,9,0.444,7,0.429,4,0.5,0.545,0.535,1.8,0.9,8.8,0,0,0.11,0.11,0.44,0,93.8,98.1
353,Frank Kaminsky,Pho,F-C,28.94,9,20.1,41.9,19,6.3,20,0.9,51,0.608,15,0.333,0.583,0.635,10.6,4.6,12.1,1.4,10.2,0.89,0.78,0.56,8.1,130.7,100.8
354,Luke Kennard,Lac,G,25.72,59,27.4,57.1,16.6,8.6,60,0.883,176,0.432,358,0.458,0.603,0.622,11.8,3.4,6.5,2.1,11.4,0.59,0.1,0.9,6.4,118.8,108.6
355,Braxton Key,Phi,F,25.08,2,3.2,6.7,28.1,50,0,0,1,1,1,0,0.5,0.5,1,1,17.3,0.5,24,0.5,0,1,9.9,,
356,George King,Dal,F-G,28.16,4,4.8,10,16.1,14.5,2,0.5,1,0,4,0,0,0.085,0.3,1.3,14.4,0,0,0,0,0.25,0,16.6,86.5
357,Louis King,Sac,F,22.94,10,10.4,21.6,21.2,0,10,0.7,20,0.35,27,0.296,0.404,0.438,4.5,1.2,6.2,0.9,12.4,0.2,0.1,0,6.5,100.1,105.4
358,Corey Kispert,Was,F,23.03,61,21.3,44.3,14.8,8.3,47,0.851,147,0.592,229,0.341,0.543,0.565,7.3,2.7,6.9,1,6.8,0.36,0.31,0.59,5.1,112.8,113.6
359,Maxi Kleber,Dal,F,30.12,49,24.9,51.8,13.1,9.5,55,0.709,85,0.553,213,0.347,0.53,0.551,7.2,5.9,13.2,1.1,6.4,0.53,1.1,0.69,5.8,113.4,100.1
360,Brandon Knight,Dal,G,30.28,3,18.2,37.8,22.7,14.5,8,1,7,0.714,13,0.308,0.55,0.638,10,2.3,7.1,2.7,22.8,0.33,0,1.33,8.7,120.4,102.2
361,Nathan Knight,Min,F-C,24.48,31,6.9,14.4,19.1,15.3,55,0.727,51,0.51,8,0.25,0.492,0.589,3.2,2.1,16.1,0.6,11.6,0.23,0.23,0.48,9.2,119.9,98.4
362,Kevin Knox II,Nyk,F,22.59,13,8.5,17.8,19.5,10.1,10,0.7,12,0.417,28,0.357,0.5,0.529,3.6,1.7,10.5,0.2,4.2,0.15,0.08,0.38,5,107.2,110.4
363,Kevin Knox II,Atl,F,22.59,10,6.9,14.3,17.7,7.2,6,0.667,11,0.545,12,0.083,0.326,0.371,1.9,1.3,10.4,0.5,9.6,0.1,0,0.2,6.2,88.4,107.5
364,John Konchar,Mem,G,25.98,59,18.2,37.9,9.5,9.7,39,0.59,104,0.587,103,0.398,0.592,0.598,4.5,4.5,12.9,1.4,9.4,0.64,0.32,0.41,6.7,129.4,104.8
365,Furkan Korkmaz,Phi,G-F,24.64,57,22.8,47.5,17.7,9,76,0.816,188,0.516,244,0.291,0.471,0.504,8.2,2.9,7,2.1,13.5,0.54,0.12,0.81,6.5,103.5,110.9
366,Luke Kornet,Cle,F-C,26.66,2,7.5,15.5,18.7,0,3,0.667,4,0.25,1,0,0.2,0.316,2,1.5,11,0.5,8.9,0,0.5,0,6.1,96.6,107.6
367,Luke Kornet,Mil,F-C,26.66,1,3,6.3,14.3,0,0,0,1,0,0,0,0,0,0,1,17.6,0,0,0,0,0,0,,
368,Luke Kornet,Bos,F-C,26.66,4,4.3,8.9,7.7,0,0,0,2,0,1,0,0,0,0,0.8,9.4,0.3,7.1,0.5,0,0,0,22.9,97.6
369,Vit Krejci,Okc,G,21.73,15,15.5,32.4,10.9,15.2,7,1,18,0.556,29,0.31,0.5,0.539,3.6,1.7,5.7,0.9,8.5,0.4,0.13,0.6,4.6,104,105.7
370,Arnoldas Kulboka,Cha,F,24.19,1,2.7,5.6,0,,0,0,0,0,0,0,,,0,0,0,0,0,0,0,0,0,,
371,Jonathan Kuminga,Gol,F,19.44,56,16.1,33.5,23.2,12.1,142,0.697,238,0.601,121,0.339,0.57,0.603,9.1,3.2,10.7,0.8,7.6,0.41,0.29,1.04,7.1,111.3,97.2
372,Kyle Kuzma,Was,F,26.64,63,33.5,69.8,24.2,13.8,213,0.714,540,0.531,357,0.345,0.526,0.553,17.4,8.6,14,3.4,15.9,0.65,0.89,2.52,9.5,104.3,109.1
373,Anthony Lamb,San,F,24.15,2,3.9,8,11,0,0,0,0,0,2,0,0,0,0,0.5,6.8,1,28.9,0,0,0,0,,
374,Jeremy Lamb,Ind,G-F,29.79,39,15.7,32.8,20.1,8.4,80,0.838,111,0.414,117,0.333,0.458,0.524,7.1,2.4,8.5,1.3,11.7,0.59,0.36,0.62,7.2,110.2,110.3
375,Jeremy Lamb,Sac,G-F,29.79,7,21.1,44,19.7,7.3,14,0.857,30,0.433,27,0.296,0.439,0.491,8.9,3.9,9.8,1.9,12.5,0.43,0.86,0.71,7.7,104.1,113.4
376,Jock Landale,San,C,26.38,42,10.8,22.5,18.9,13.3,30,0.833,94,0.67,69,0.319,0.589,0.616,5.2,2.3,11.2,0.9,12,0.21,0.31,0.64,8.2,120.4,106.6
377,Romeo Langford,Bos,G-F,22.38,44,16.6,34.5,13,7.4,34,0.588,101,0.495,83,0.349,0.508,0.52,4.7,2.4,7.6,0.4,3.7,0.48,0.36,0.36,4,107.8,104.8
378,Romeo Langford,San,G-F,22.38,1,16.1,33.5,15.1,0,4,0.25,3,1,1,0,0.75,0.608,7,1,3.3,0,0,0,0,0,0,113.3,120.5
379,Zach LaVine,Chi,G-F,27.01,54,34.8,72.5,29.1,11.9,270,0.859,591,0.538,387,0.395,0.56,0.605,24.6,4.9,7.9,4.5,20.6,0.59,0.35,2.74,9.4,113.6,110.9
380,Jake Layman,Min,F,28.02,27,7.2,15,15.5,11.1,12,0.75,31,0.581,28,0.143,0.407,0.443,2.1,1.1,8.4,0.3,5.5,0.22,0.19,0.3,4.9,91.2,109.9
381,Damion Lee,Gol,G-F,29.39,53,19.8,41.3,15.8,8.4,53,0.849,164,0.549,163,0.362,0.546,0.574,7.6,3.1,8.4,1,6.9,0.66,0.09,0.6,5.8,112,102.9
382,Saben Lee,Det,G,22.72,31,14.9,31,17,14.2,45,0.778,92,0.435,45,0.267,0.423,0.482,4.9,2.3,8.3,2.3,23,0.84,0.35,0.84,7.9,103,110.1
383,Alex Len,Sac,C,28.74,35,16.4,34.1,17.1,17.9,58,0.638,142,0.556,20,0.3,0.543,0.568,6.1,4.4,14.6,1.2,10.3,0.34,0.71,1.17,7.8,108.4,100.2
384,Caris LeVert,Ind,G,27.55,39,31.1,64.8,26.9,9.9,146,0.76,433,0.501,189,0.323,0.496,0.53,18.7,3.8,6.8,4.4,23.1,0.9,0.46,1.92,8.7,108.7,111.3
385,Caris LeVert,Cle,G,27.55,4,31,64.5,23.4,9.1,4,0.75,44,0.432,14,0.286,0.431,0.443,13.3,1.5,2.7,3.8,19.1,1.5,0.25,1.5,5.5,93.3,106.8
386,Kira Lewis Jr.,Nor,G,20.94,24,14.2,29.6,22.4,14.7,12,0.833,88,0.523,58,0.224,0.449,0.466,5.9,1.6,6.3,2,22,0.46,0.04,1.08,7.5,95.1,112
387,Scottie Lewis,Cha,G,22,2,3.3,6.9,5.6,0,2,0.5,0,0,0,0,,0.568,0.5,0,0,0.5,17.4,0.5,0,0,0,,
388,Damian Lillard,Por,G,31.66,29,36.4,75.9,29.4,11.6,181,0.878,268,0.485,284,0.324,0.486,0.55,24,4.1,6.2,7.3,34,0.59,0.38,2.86,9.8,112.6,117.3
389,Nassir Little,Por,F-G,22.09,42,25.9,54,15.8,10.1,94,0.734,161,0.584,154,0.331,0.541,0.575,9.8,5.6,11.8,1.3,7.4,0.6,0.86,0.95,6.4,115.7,110.6
390,Isaiah Livers,Det,F,23.63,9,13.4,27.8,13.2,13.5,0,0,8,0.375,24,0.375,0.516,0.516,3.7,1.9,7.6,0.8,8.5,0.44,0.33,0.56,5.3,107,109.2
391,Kevon Looney,Gol,F,26.1,68,21.6,45.1,12.8,14.1,114,0.605,320,0.569,1,0,0.567,0.583,6.4,7.6,19,2,12.8,0.65,0.71,0.9,8.5,128.2,94.6
392,Brook Lopez,Mil,C,33.95,1,28.2,58.8,13.6,0,0,0,5,0.2,4,0.5,0.444,0.444,8,5,9.3,0,0,1,3,0,0,104.9,103
393,Robin Lopez,Orl,C,33.95,28,17.4,36.2,19.4,16.5,42,0.595,159,0.572,5,0.4,0.573,0.584,7.6,3.7,11.2,1.6,15,0.04,0.57,1.29,8.2,112.4,107
394,Didi Louzada,Nor,G,20,2,3.5,7.2,18.7,0,0,0,0,0,3,0,0,0,0,1,15.9,0.5,17.6,0,0,0,0,,
395,Kevin Love,Cle,F-C,33.51,59,22.3,46.5,25.5,9.7,181,0.856,241,0.473,368,0.389,0.539,0.59,13.8,7.2,17.7,2.2,15.5,0.34,0.24,1.25,10.8,117.5,101.8
396,Kyle Lowry,Mia,G,35.97,52,34.2,71.4,18.3,20.6,144,0.847,210,0.519,309,0.35,0.522,0.57,12.8,4.6,7.6,7.9,33.2,1.1,0.31,2.9,9.1,113.6,103.2
397,Timothe Luwawu-Cabarrot,Atl,G-F,26.85,39,11.7,24.3,14.6,8.6,20,0.85,43,0.419,87,0.368,0.508,0.537,3.8,1.3,5.9,0.7,7.6,0.33,0.1,0.33,5.2,109.4,108.3
398,Trey Lyles,Det,F,26.35,51,19.4,40.4,22.3,10.5,176,0.784,238,0.55,146,0.301,0.513,0.576,10.4,4.8,13.3,1.1,9.7,0.43,0.51,1.06,7.8,113.8,106.9
399,Trey Lyles,Sac,F,26.35,11,17.7,36.8,18.1,13.4,19,0.789,41,0.659,22,0.364,0.619,0.652,8.5,4.2,12.8,0.6,5.4,0.09,0.18,1,6.3,119.7,111
400,Theo Maledon,Okc,G,20.75,40,15.1,31.6,18.7,13.8,63,0.778,93,0.398,105,0.267,0.399,0.459,5.2,2,6.6,1.5,14.4,0.5,0.13,0.9,6.6,93.7,107.9
401,Sandro Mamukelashvili,Mil,F-C,22.81,36,9.1,18.9,13.6,9.6,14,0.786,46,0.522,42,0.429,0.58,0.6,3.1,1.8,10.5,0.4,6.7,0.19,0.19,0.28,5.7,126.3,107.9
402,Terance Mann,Lac,G-F,25.4,69,28.8,60,15.5,10,123,0.772,402,0.532,177,0.367,0.538,0.567,10.4,5.4,9.8,2.4,12.4,0.74,0.19,1.01,7.1,116.3,104.9
403,Tre Mann,Okc,G,21.11,53,21.7,45.2,21.2,9.4,68,0.765,265,0.415,216,0.343,0.459,0.483,9.3,2.5,5.9,1.4,10,0.79,0.19,1,5.9,95.2,107.7
404,Boban Marjanovic,Dal,C,33.58,18,5.6,11.6,34.2,14.5,16,0.5,55,0.636,3,0.333,0.629,0.623,4.5,1.7,16.6,0.1,4.5,0,0.11,0.61,6.5,101.3,88.2
405,Lauri Markkanen,Cle,F-C,24.81,46,30.3,63.1,19.7,6.6,108,0.861,256,0.531,277,0.339,0.52,0.557,14.1,5.5,9.9,1.4,7,0.74,0.57,0.89,6.3,113.2,104.7
406,Naji Marshall,Nor,F,24.13,41,11.8,24.5,21.6,13.6,63,0.762,102,0.549,80,0.2,0.44,0.496,5.1,2.4,11.4,1,11.9,0.59,0.12,0.8,7.8,100.4,104.9
407,Kenyon Martin Jr.,Hou,F,21.18,65,20.8,43.3,16.8,9.5,103,0.641,305,0.607,134,0.343,0.579,0.593,8.8,3.9,10.4,1.4,10.3,0.43,0.43,0.78,7,117.6,114
408,Caleb Martin,Mia,F,26.46,52,22.8,47.6,16.4,9.3,82,0.756,229,0.585,134,0.396,0.588,0.613,9.4,4,9.8,1.1,7.4,1.02,0.48,0.79,6.1,121.3,103.4
409,Cody Martin,Cha,F,26.46,57,26.8,55.9,12.7,11.3,101,0.693,227,0.507,136,0.404,0.544,0.571,8.2,4,7.8,2.5,12.1,1.28,0.44,0.91,6.5,118.3,110
410,Kelan Martin,Ind,F,26.61,27,16.4,34.3,18.1,7.5,13,0.692,94,0.511,74,0.297,0.482,0.492,6.3,2,6.6,0.8,6.9,0.48,0.33,0.52,5.3,101.6,111.1
411,Kelan Martin,Bos,F,26.61,3,1.9,4,23.1,0,0,0,2,0,1,0,0,0,0,0.7,18.8,0,0,0,0,0,0,,
412,Garrison Mathews,Hou,G,25.38,51,27.2,56.6,14.9,7.4,156,0.801,66,0.621,317,0.366,0.561,0.614,10.9,3.1,6.3,1,5.2,0.82,0.27,0.71,4.8,121,110.9
413,Dakota Mathias,Mem,G,26.67,6,2.7,5.6,15.2,0,0,0,0,0,6,0.333,0.5,0.5,1,0.3,6.4,0.2,8,0.17,0,0,5.8,,
414,Dakota Mathias,Mem,G,26.67,6,2.7,5.6,15.2,0,0,0,0,0,6,0.333,0.5,0.5,1,0.3,6.4,0.2,8,0.17,0,0,5.8,,
415,Wesley Matthews,Mil,G,35.41,37,19.5,40.5,11.1,7.5,16,0.75,47,0.532,118,0.305,0.479,0.494,4.6,1.9,5,0.7,4.5,0.41,0.14,0.38,3.8,104.5,106.5
416,Tyrese Maxey,Phi,G,21.35,59,35.7,74.3,20.2,7.3,200,0.86,565,0.506,221,0.412,0.538,0.582,17.2,3.4,5.4,4.4,19.7,0.76,0.46,1.17,7.1,119.2,109.6
417,Skylar Mays,Atl,G,24.52,24,8.7,18.2,15.9,13.2,9,0.889,37,0.649,25,0.32,0.581,0.606,3.3,1,6.5,0.7,10.8,0.29,0,0.42,6.1,114.5,114.8
418,Miles McBride,Nyk,G,21.51,29,8.4,17.5,14.5,6.2,6,0.5,33,0.364,40,0.175,0.308,0.317,1.7,0.8,5.2,1,16.9,0.31,0.03,0.17,5.3,84.2,100.1
419,Mac McClung,Chi,G,23.18,1,2.6,5.4,33.8,50,0,0,1,1,0,0,1,1,2,0,0,0,0,0,0,1,0,,
420,CJ McCollum,Por,G,30.48,36,35.2,73.3,26.2,9.2,68,0.706,376,0.476,289,0.384,0.52,0.532,20.5,4.3,6.6,4.5,22.4,0.97,0.58,1.94,8.3,107.4,113.8
421,CJ McCollum,Nor,G,30.48,12,35.7,74.3,29.1,9,46,0.696,150,0.607,93,0.398,0.603,0.617,27.1,5.6,8.6,6.7,35.5,1.17,0,2.17,11.3,122.9,110.4
422,T.J. McConnell,Ind,G,29.97,24,24.2,50.4,15.9,13,15,0.8,156,0.538,25,0.28,0.522,0.536,8.4,3.3,7.6,4.8,28.7,1.04,0.38,1.17,8.4,117.1,110.4
423,Jalen McDaniels,Cha,F-C,24.12,41,17.3,36.1,15.2,12.2,50,0.7,113,0.584,89,0.36,0.564,0.587,6.4,3.4,10.3,1.1,8.4,0.51,0.39,0.76,6.7,113.2,105.9
424,Jaden McDaniels,Min,F,21.45,66,26,54.2,15.5,11.3,68,0.794,290,0.579,243,0.313,0.529,0.549,9.4,4.3,8.8,1.2,6.2,0.76,0.77,1.09,5.6,107.5,102.3
425,Doug McDermott,San,F,30.19,51,24,50,18.3,8.1,51,0.784,209,0.512,256,0.422,0.578,0.593,11.3,2.3,4.9,1.3,7.2,0.27,0.12,0.84,5.4,112.2,112.3
426,JaVale McGee,Pho,C-F,34.15,62,15.6,32.4,23.3,15.6,119,0.689,379,0.641,8,0.25,0.636,0.653,9.3,6.7,23.1,0.6,6.1,0.31,1.1,1.31,8.6,120.2,90.1
427,Cameron McGriff,Por,F,24.46,3,15.3,31.9,14.1,0,2,1,8,0.375,6,0.333,0.429,0.47,4.7,5,17.8,1,9.4,0,0.33,0,7.5,125.1,102.6
428,Rodney McGruder,Det,G,30.63,41,13.6,28.3,13.7,8.4,18,0.667,57,0.491,98,0.418,0.577,0.586,4.7,2,7.8,0.8,8.5,0.39,0.12,0.37,5.8,117.4,110.9
429,Alfonzo McKinnie,Chi,F,29.49,17,12.1,25.3,15.2,9.8,8,0.25,34,0.441,27,0.333,0.467,0.457,3.5,1.9,8.9,0.3,3.2,0.12,0.18,0.41,4.2,95.6,104.4
430,JaQuori McLaughlin,Dal,G,24.12,4,2.7,5.7,8.2,0,0,0,1,0,1,0,0,0,0,0,0,0.5,22.7,0,0,0,0,,
431,Jordan McLaughlin,Min,G,25.93,50,13.6,28.4,12.1,13.7,35,0.743,94,0.479,61,0.23,0.426,0.464,3.2,1.5,5.7,2.9,27.7,0.92,0.12,0.54,7.1,114.6,109.5
432,Ben McLemore,Por,G,29.09,49,18.7,38.9,20.5,8.6,49,0.816,78,0.474,295,0.349,0.513,0.536,8.6,1.5,4.4,0.9,7.3,0.43,0.12,0.76,4.8,103.6,112.7
433,De'Anthony Melton,Mem,G,23.8,60,22.4,46.7,20.8,12.9,95,0.726,272,0.434,280,0.332,0.466,0.492,9.7,4.4,10.3,2.7,16.2,1.57,0.57,1.47,8.7,102.7,102.8
434,Sam Merrill,Mem,G,25.83,6,9.6,20.1,19.7,7.2,4,0.5,1,1,23,0.304,0.479,0.485,4.2,1.2,6.3,0.7,9.1,0,0,0.33,6.3,103.2,111.4
435,Chimezie Metu,Sac,F-C,24.98,47,21.1,43.9,18.3,10.6,71,0.775,198,0.561,150,0.28,0.5,0.531,8.6,5.6,14.4,1.1,7.5,0.79,0.53,0.96,7.1,103.3,108.2
436,Khris Middleton,Mil,F,30.59,56,32.4,67.6,26.8,14,255,0.89,501,0.501,364,0.371,0.524,0.58,20.3,5.3,8.6,5.4,25.7,1.11,0.23,2.84,10.3,113.3,105.8
437,CJ Miles,Bos,G,34.99,1,2,4.2,0,,0,0,0,0,0,0,,,0,0,0,0,0,0,0,0,0,,
438,Paul Millsap,Bro,F,37.09,24,11.3,23.4,16.5,10.6,17,0.706,58,0.448,27,0.222,0.412,0.443,3.4,3.7,17.9,1,11.9,0.21,0.46,0.46,8.2,105.5,95.2
439,Paul Millsap,Phi,F,37.09,7,10.5,21.8,20.1,18.4,6,0.667,17,0.529,7,0.286,0.5,0.526,4,3,15.9,0.6,8.3,0.43,0.14,0.86,7.4,106.8,93.7
440,Patty Mills,Bro,G,33.59,67,30.1,62.7,16.9,7.7,53,0.811,217,0.429,489,0.411,0.559,0.57,12.4,2,3.7,2.5,11.5,0.67,0.24,0.91,5.3,113.4,114.7
441,Shake Milton,Phi,G-F,25.46,39,22.7,47.4,19.3,10.5,58,0.862,217,0.47,98,0.286,0.457,0.496,8.7,2.8,6.9,2.6,17.1,0.59,0.36,1.03,7,103.4,106
442,Davion Mitchell,Sac,G,23.52,62,25.5,53.1,19.7,10.3,51,0.549,370,0.47,261,0.31,0.468,0.474,10,2.2,4.6,3.3,19,0.71,0.27,1.21,6.5,99.2,113.2
443,Donovan Mitchell,Uta,G,25.51,55,33.5,69.9,32.7,11.8,244,0.836,582,0.543,531,0.354,0.537,0.574,25.5,4.1,6.7,5.4,28.2,1.58,0.22,2.96,9.9,114.1,105.4
444,Evan Mobley,Cle,C,20.74,59,34.2,71.2,20.1,12.5,217,0.677,628,0.532,81,0.259,0.516,0.546,14.9,8.3,13.3,2.6,11.7,0.83,1.66,1.95,8,108.4,103.1
445,Malik Monk,Lal,G,24.1,61,27.7,57.6,19.2,11.3,87,0.77,286,0.545,345,0.4,0.575,0.592,13,3.4,6.5,2.6,14.1,0.84,0.39,1.39,7,112.6,110.2
446,Greg Monroe,Min,F-C,31.78,3,21,43.8,13.4,19.8,5,0.4,14,0.643,0,0,0.643,0.617,6.7,7,17.6,3.7,24.5,0.67,1.33,1.33,10.6,124.2,99.6
447,Greg Monroe,Was,F-C,31.78,2,8.8,18.3,25.2,20,0,0,8,0.5,0,0,0.5,0.5,4,5,31.3,0.5,9.4,0.5,0.5,1,9.8,114.1,101.9
448,Greg Monroe,Mil,F-C,31.78,5,13.9,29,17.8,10.4,9,0.556,22,0.5,0,0,0.5,0.52,5.4,4.2,15.9,0.4,4.1,0.6,0.4,0.6,6,115.5,102.4
449,Moses Moody,Gol,G,19.79,43,11.8,24.5,15.8,6.6,34,0.794,62,0.565,94,0.34,0.532,0.564,4.5,1.7,7.8,0.4,5.3,0.12,0.16,0.28,4.9,114.2,106.2
450,Matt Mooney,Nyk,G,25.1,1,1.9,4,46.1,50,0,0,0,0,1,0,0,0,0,0,0,0,0,1,0,1,0,,
451,Xavier Moon,Lac,G,27.2,6,13.9,29,20.2,7.8,3,0.667,24,0.458,10,0.3,0.456,0.467,5.5,1.5,5.6,1.7,18.2,0.83,0.17,0.5,6.9,99,107.8
452,Ja Morant,Mem,G,22.59,55,33.3,69.3,33.7,12.4,399,0.762,887,0.537,252,0.341,0.531,0.576,27.5,5.8,9,6.7,34.5,1.2,0.38,3.38,12.3,115.5,109.1
453,Juwan Morgan,Tor,F,24.91,1,27.4,57.1,4.7,0,0,0,1,1,2,0.5,0.833,0.833,5,4,7.9,1,4.8,0,0,0,4,183.8,106.8
454,Marcus Morris Sr.,Lac,F,32.53,45,29.5,61.5,23.4,8.5,126,0.881,361,0.471,233,0.391,0.516,0.557,16.1,4.6,8.1,2,11,0.56,0.31,1.33,7.2,108.4,105.4
455,Jaylen Morris,San,G,26.48,3,5.3,11.1,23.1,11.4,4,0.5,4,0,2,0,0,0.129,0.7,0.7,6.5,0.7,13.9,0,0,0.33,5.3,39.4,105
456,Markieff Morris,Mia,F,32.53,11,18.6,38.7,20.6,16.8,5,1,53,0.509,24,0.333,0.506,0.524,7.5,2.9,8.8,1.4,11.4,0.27,0.09,1.45,6.7,99,100.8
457,Monte Morris,Den,G,26.71,62,29.9,62.3,17.9,8.6,69,0.855,392,0.554,266,0.391,0.567,0.585,13,3,5.6,4.3,21.1,0.71,0.18,1.05,7.4,119.3,112
458,Emmanuel Mudiay,Sac,G,26.02,2,5.5,11.5,18.5,21,4,0.75,2,0,0,0,0,0.399,1.5,0,0,2,43.1,0.5,0,0.5,0,100.3,109.1
459,Mychal Mulder,Orl,G,27.75,15,13,27.1,16.8,10.5,2,1,21,0.333,46,0.283,0.396,0.405,3.7,1.4,5.7,0.2,2.2,0.27,0.07,0.53,3.1,75.9,111.2
460,Ade Murkey,Sac,G,20,1,1.5,3.1,0,,0,0,0,0,0,0,,,0,0,0,0,0,0,0,0,0,,
461,Trey Murphy III,Nor,F,21.74,48,12.6,26.3,15.1,5.6,33,0.818,57,0.421,129,0.357,0.5,0.531,4.4,2.2,9.6,0.6,6.3,0.33,0.13,0.25,5.7,115.7,108.8
462,Dejounte Murray,San,G,25.48,59,34.7,72.3,27.1,11.6,192,0.771,838,0.507,237,0.312,0.499,0.526,20.7,8.4,12.7,9.3,40.9,2.1,0.32,2.58,13.5,112.4,106.2
463,Mike Muscala,Okc,F-C,30.7,43,13.8,28.7,20.9,4.9,57,0.842,85,0.506,163,0.429,0.597,0.63,8,3,11.1,0.5,6.2,0.42,0.6,0.33,6.6,124.3,103.1
464,Svi Mykhailiuk,Tor,G-F,24.76,51,13.6,28.3,16.4,10.5,34,0.853,98,0.51,126,0.302,0.478,0.508,4.8,1.8,7.2,0.8,8.8,0.47,0.08,0.55,5.6,105.3,107.8
465,Abdel Nader,Pho,F,28.47,14,10.4,21.6,15,21.8,10,0.6,21,0.381,14,0.286,0.4,0.431,2.4,1.9,9.9,0.5,5.9,0.57,0.29,0.79,5.1,78.7,93.7
466,Larry Nance Jr.,Por,F-C,29.2,37,23.2,48.3,12.5,11,49,0.653,136,0.61,62,0.306,0.563,0.581,6.9,5.6,13.3,2,12.5,1.03,0.35,0.73,7.3,123.5,108.6
467,RJ Nembhard Jr.,Cle,G,22.98,10,5.4,11.3,15.2,10.7,4,0.75,13,0.462,2,0,0.4,0.447,1.5,0.5,5,1.1,28.5,0,0,0.2,6.9,111.2,111.5
468,Aaron Nesmith,Bos,G-F,22.41,45,10.5,21.9,17.4,13.9,19,0.842,58,0.569,95,0.242,0.441,0.468,3.4,1.7,8.7,0.4,5.4,0.31,0.09,0.58,5,90.1,98
469,Raul Neto,Was,G,29.82,57,20.7,43.2,18.5,13,97,0.753,281,0.516,106,0.283,0.491,0.527,7.9,2,5.3,3.1,21.8,0.81,0.04,1.12,7.1,106.8,109.8
470,Malik Newman,Cle,G,25.06,1,7.7,16,39.4,14.5,2,1,4,0.75,1,0,0.6,0.68,8,1,7.1,1,30.1,0,0,1,10.4,117.9,113.3
471,Georges Niang,Phi,F,28.74,62,23.2,48.4,17.1,8.9,54,0.87,159,0.516,316,0.402,0.574,0.593,9.5,2.7,6.4,1.4,9.2,0.37,0.16,0.79,5.7,113.1,103.3
472,Daishen Nix,Hou,G,20.08,12,9.9,20.6,17.5,24.5,9,0.556,20,0.65,13,0.385,0.621,0.622,3.8,1.1,6,1.8,26.9,0.67,0,1,7.9,108.5,113.3
473,Zeke Nnaji,Den,F-C,21.18,40,16.8,35,14.8,9.7,62,0.613,101,0.574,76,0.487,0.641,0.649,6.6,3.6,12,0.4,3.1,0.4,0.33,0.55,5,126.1,102.4
474,Nerlens Noel,Nyk,C-F,27.93,25,22.5,46.8,7.3,21.5,30,0.7,57,0.561,3,0,0.533,0.581,3.4,5.6,13.3,0.9,5.7,1.2,1.24,0.8,4.6,119.9,98.4
475,Jaylen Nowell,Min,G,22.68,50,15.1,31.5,20.6,6.7,65,0.769,200,0.54,119,0.387,0.555,0.581,8.1,1.9,6.8,2.2,21.9,0.48,0.12,0.5,8.6,122.6,108.5
476,Frank Ntilikina,Dal,G,23.63,48,12.4,25.9,17.2,11.4,24,0.958,92,0.413,100,0.34,0.464,0.496,4.2,1.3,5.9,1.1,13.4,0.5,0.13,0.54,5.9,100.7,102.4
477,Jusuf Nurkic,Por,C,27.56,56,28.2,58.7,23.7,16.6,268,0.69,544,0.563,56,0.268,0.548,0.586,15,11.1,21.4,2.8,16.6,1.11,0.61,2.55,11,113,101.2
478,David Nwaba,Hou,G-F,29.16,44,13.4,28,16.1,9.4,67,0.716,126,0.548,48,0.313,0.526,0.568,5.3,3.4,13.7,0.8,8.4,0.61,0.43,0.48,7.3,117.4,108.2
479,Jordan Nwora,Mil,F,23.51,54,19.2,40,19,10.8,26,0.808,197,0.467,203,0.35,0.496,0.508,7.7,3.6,9.9,1,7.3,0.44,0.26,0.93,6.3,99.5,107.2
480,Semi Ojeleye,Mil,F,27.27,20,15.4,32,11.2,6.2,13,0.769,29,0.241,41,0.268,0.336,0.376,2.9,2.9,9.9,0.3,2,0.25,0.25,0.25,3.5,96.8,106.8
481,Semi Ojeleye,Lac,F,27.27,6,6.9,14.4,17.2,18.5,5,0.6,7,0.571,4,0.5,0.636,0.644,2.8,1,7.5,0.3,7.1,0,0,0.5,5.5,107.5,107.7
482,Chuma Okeke,Orl,F,23.57,58,24.1,50.2,16.3,8.4,55,0.855,177,0.497,281,0.31,0.477,0.502,8.3,4.8,10.6,1.7,10.5,1.45,0.55,0.76,6.8,102.7,107
483,Josh Okogie,Min,G,23.53,39,11.6,24.2,11.6,16.7,41,0.659,45,0.444,42,0.286,0.437,0.49,2.6,1.7,7.8,0.5,5.4,0.54,0.26,0.54,4.5,100.4,105.4
484,Onyeka Okongwu,Atl,F-C,21.25,33,21,43.8,14.8,14.6,75,0.733,166,0.705,0,0,0.705,0.726,8.8,5.5,14.4,1.1,7.8,0.58,1.3,1.03,7.2,139.3,101.4
485,Isaac Okoro,Cle,F-G,21.13,52,29,60.5,13.4,11.6,119,0.782,223,0.552,130,0.315,0.523,0.57,8.9,3.1,5.9,1.8,8.6,0.83,0.29,1.02,5.1,115,103.7
486,KZ Okpala,Mia,F-G,22.88,21,11.6,24.2,14.3,6.3,11,0.727,43,0.488,26,0.346,0.5,0.521,3.7,2,9.5,0.7,8.3,0.19,0.33,0.24,6,113.2,101.4
487,Victor Oladipo,Mia,G,29.86,3,16.3,34,18.4,4.9,3,0.667,10,0.6,8,0.25,0.5,0.518,6.7,1.7,5.8,3,28.3,0,0.33,0.33,8,118.8,108
488,Cameron Oliver,Atl,F,20,2,21.7,45.1,16.5,0,3,0.667,12,0.75,3,0.333,0.7,0.705,11.5,3,7.6,1.5,11.1,0.5,0.5,0,6.9,149.8,106.9
489,Kelly Olynyk,Det,F-C,30.9,31,19.3,40.3,22.3,15.4,69,0.754,138,0.486,95,0.337,0.494,0.535,9.1,4.6,12.8,2.7,22.5,0.74,0.42,1.55,10,107.2,101.4
490,Eugene Omoruyi,Dal,F,25.08,4,4.5,9.3,17.1,0,4,0.5,3,0.333,2,0.5,0.5,0.518,1.8,1.8,21.7,0.5,16.1,0,0,0,10.4,131.2,96.7
491,Royce O'Neale,Uta,F,28.77,63,31.3,65.2,9.6,13.4,48,0.792,114,0.675,240,0.413,0.637,0.652,7.8,5,8.6,2.6,10.8,1.19,0.46,0.92,6,129.8,104.9
492,Miye Oni,Uta,G-F,24.61,16,2.8,5.8,10.3,9.6,1,0,1,1,8,0.125,0.278,0.265,0.3,0.4,8.6,0.3,14.1,0,0,0.06,4.7,,
493,Cedi Osman,Cle,F,26.93,55,23.2,48.4,21.2,9.3,112,0.661,189,0.534,318,0.355,0.534,0.553,11.2,2.2,5.2,2.1,14,0.87,0.15,1.04,6.4,109.3,103.2
494,Daniel Oturu,Tor,C,22.48,3,9.1,19,12.8,0,5,0.6,5,0.6,1,0,0.5,0.549,3,1.7,9.9,0,0,0,0.67,0,0,122.6,112.6
495,Kelly Oubre Jr.,Cha,F-G,26.26,62,27.9,58.2,23.4,6.7,160,0.669,335,0.57,488,0.346,0.54,0.557,16.1,4.1,7.7,1.2,6.4,1.15,0.42,1.03,6.2,109.5,107.5
496,Jaysean Paige,Det,G,27.62,1,6.6,13.8,26,25,0,0,1,0,2,0,0,0,0,1,8.2,1,19.4,0,0,1,0,15.1,85.5
497,Trayvon Palmer,Det,G,27.33,1,16.8,35,5.1,50,0,0,1,0,0,0,0,0,0,2,6.4,0,0,0,0,1,0,0,107.3
498,Kevin Pangos,Cle,G,29.13,24,6.9,14.4,14.5,12.8,4,0.75,20,0.45,26,0.231,0.391,0.408,1.6,0.5,3.6,1.3,24.7,0.13,0,0.29,5.9,99,107.2
499,Jabari Parker,Bos,F,27,12,9.4,19.5,19.5,16,9,1,22,0.455,16,0.5,0.579,0.632,4.4,2.3,13.3,0.5,8.1,0.33,0.08,0.67,7.3,113.4,95.2
500,Eric Paschall,Uta,F,25.35,48,12.9,26.9,16.9,10.8,72,0.764,89,0.596,93,0.387,0.588,0.629,5.6,1.9,8.1,0.6,6.9,0.15,0.08,0.54,5.8,123.2,107.2
501,Chris Paul,Pho,G,36.86,58,33,68.8,20,15.6,185,0.843,485,0.546,182,0.33,0.532,0.579,14.9,4.5,7.2,10.7,44.2,1.86,0.31,2.38,10.9,122.7,103
502,Cameron Payne,Pho,G,27.6,47,21.9,45.7,25.8,14.3,83,0.843,319,0.436,172,0.343,0.463,0.498,11.2,2.9,7.1,4.5,29.2,0.66,0.32,1.87,9.6,101.5,101.2
503,Gary Payton II,Gol,G,29.28,60,17,35.5,14.7,9.3,54,0.574,182,0.758,107,0.364,0.68,0.678,7.1,3.4,10.9,0.8,7.3,1.38,0.3,0.53,6.3,129.1,96.3
504,Elfrid Payton,Pho,G,28.06,42,11.3,23.5,18.7,20.1,28,0.393,135,0.422,16,0.25,0.417,0.419,3.3,1.8,8.7,2,23.6,0.48,0.1,0.98,8.1,90.5,102.7
505,Norvel Pelle,Uta,C,29.11,3,6.3,13.2,16,28.6,0,0,5,0.6,0,0,0.6,0.6,2,2,17.2,0,0,0,0.33,0.67,0,101.5,108.9
506,Reggie Perry,Por,F-C,21.98,2,20.5,42.6,11.6,9.2,2,1,7,0.429,2,0.5,0.5,0.557,5.5,3.5,9.3,1,7,0.5,0,0.5,5.2,118.4,103.6
507,Reggie Perry,Ind,F-C,21.98,1,9.9,20.6,4.3,0,0,0,1,1,0,0,1,1,2,1,5.6,0,0,0,0,0,0,200,87.6
508,Jamorko Pickett,Det,F,24.22,7,8.1,17,12.8,17.6,0,0,4,0.25,10,0.3,0.393,0.393,1.6,1.7,11.4,0.1,2.5,0,0.14,0.43,3.2,77.4,111.6
509,Theo Pinson,Dal,G-F,26.35,16,7.5,15.6,13.4,5.6,4,1,7,0.429,25,0.24,0.375,0.415,1.8,1.2,8.8,0.8,14.8,0.25,0.13,0.13,6.4,99.7,102.4
510,Mason Plumlee,Cha,F-C,32.03,59,25.2,52.5,11.4,19.2,140,0.364,261,0.644,2,0,0.639,0.596,6.6,8.1,16.8,3.1,16.1,0.88,0.69,1.31,8.7,123.1,101.1
511,Jakob Poeltl,San,C,26.41,56,29.3,60.9,18.4,12.9,161,0.484,548,0.617,1,1,0.618,0.611,13.5,9.1,16.4,2.9,14.4,0.73,1.71,1.64,9.7,123.2,103.8
512,Aleksej Pokusevski,Okc,C,20.21,51,17.9,37.4,19.4,14.6,27,0.667,197,0.497,142,0.275,0.462,0.472,6.5,4.8,13.6,1.4,12.4,0.57,0.61,1.18,7.9,94.2,105.6
513,Yves Pons,Mem,F,22.85,8,3.6,7.5,7,0,2,0,3,0.333,1,1,0.625,0.512,0.6,0.8,10.8,0,0,0,0,0,0,,
514,Jordan Poole,Gol,G,22.74,62,28.9,60.2,24.7,14.1,190,0.926,358,0.567,432,0.359,0.551,0.599,16.9,3.2,5.9,3.6,19.4,0.82,0.27,2.31,8,111.8,102.8
515,Kevin Porter Jr.,Hou,G-F,21.86,47,30.2,63,23.6,20,151,0.589,273,0.432,293,0.369,0.495,0.513,13.8,4.1,7.4,6,30.5,1.13,0.32,3.36,9.2,98.6,111.4
516,Michael Porter Jr.,Den,F,23.71,9,29.5,61.4,19.7,10.1,9,0.556,55,0.491,48,0.208,0.408,0.416,9.9,6.6,12.3,1.9,9,1.11,0.22,1.33,6.8,86.5,105.9
517,Otto Porter Jr.,Gol,F,28.78,53,21.4,44.6,15.2,7.3,47,0.787,159,0.572,187,0.38,0.571,0.589,8.2,5.3,13.5,1.5,10.2,1.15,0.45,0.55,7.5,122.4,101
518,Bobby Portis,Mil,F,27.09,59,28.9,60.2,21.7,9.3,107,0.748,442,0.532,294,0.412,0.566,0.583,15.5,9.2,16.8,1.2,6.5,0.78,0.8,1.36,7.7,116.5,102.3
519,Kristaps Porzingis,Dal,F-C,26.61,34,29.5,61.4,28.5,8.3,170,0.865,335,0.537,173,0.283,0.499,0.561,19.2,7.7,14.4,2,11.9,0.74,1.74,1.56,9,113.3,100.1
520,Kristaps Porzingis,Was,F-C,26.61,3,24.2,50.3,30.3,4.1,19,0.895,27,0.481,12,0.417,0.526,0.612,19.3,6.7,15.2,1.7,11.8,0.67,1.33,0.67,10,130,102.3
521,Micah Potter,Det,F,23.94,3,10.3,21.5,17.9,7.8,2,1,9,0.556,2,0,0.455,0.505,4,3,15.7,0,0,0.33,0.33,0.33,0,108.9,102.8
522,Dwight Powell,Dal,F-C,30.65,68,21.1,44,13.6,12.2,160,0.763,275,0.687,35,0.371,0.673,0.708,7.9,4.7,12.2,1.1,8,0.47,0.44,0.78,6.5,141.1,98.3
523,Myles Powell,Phi,G,20,11,4.7,9.9,18,14.4,2,1,11,0.364,6,0.167,0.324,0.364,1.2,0.5,6.4,0.3,8.1,0.09,0,0.27,4.8,74.1,99
524,Norman Powell,Por,G,28.8,40,33.3,69.4,22.5,9,198,0.803,313,0.492,229,0.406,0.542,0.593,18.7,3.3,5.4,2.1,10,1,0.43,1.55,6.1,114.7,112.9
525,Norman Powell,Lac,G,28.8,3,26.8,55.8,30.5,9,20,0.85,28,0.5,14,0.429,0.548,0.62,21,3,5.8,4,25.9,0.67,0.67,1.67,9.4,124.1,104.7
526,Joshua Primo,San,G,19.22,36,16.7,34.7,15.3,15.1,34,0.735,77,0.429,93,0.312,0.45,0.481,4.9,2.2,6.8,1.5,11.1,0.33,0.47,0.92,6.1,98.1,109.3
527,Taurean Prince,Min,F,27.98,57,16.1,33.5,16.7,13.1,59,0.746,120,0.558,172,0.378,0.563,0.587,6.5,2.4,7.7,0.9,8,0.67,0.32,0.84,6,108.5,105.7
528,Payton Pritchard,Bos,G,24.12,58,12.9,26.8,18.6,11.1,16,1,104,0.433,170,0.371,0.509,0.525,5.1,1.6,6.7,1.7,20,0.24,0.07,0.6,7.5,110.1,105.2
529,Trevelin Queen,Hou,G,20,10,7.4,15.5,23.8,16.8,4,1,9,0.667,24,0.375,0.591,0.619,4.3,1.6,11.8,0.4,8.8,0.5,0.1,0.7,7.6,109.8,110.1
530,Neemias Queta,Sac,C,22.67,10,5.6,11.7,22.3,13.7,5,0.6,23,0.391,0,0,0.391,0.417,2.1,1.9,18.3,0.4,10.5,0.1,0.4,0.4,8.3,98.8,98
531,Immanuel Quickley,Nyk,G,22.74,64,22,45.8,21.5,11.7,131,0.916,243,0.436,308,0.334,0.473,0.527,10,2.8,6.6,3,21.7,0.64,0.05,1.27,8,109.5,103.9
532,Jahmi'us Ramsey,Sac,G,20.76,19,7.1,14.7,22.1,7.2,14,0.5,40,0.475,18,0.278,0.457,0.468,3.2,0.7,5.2,0.4,7.9,0.05,0.05,0.26,5.4,95.1,113.9
533,Julius Randle,Nyk,F-C,27.29,66,35.5,73.9,28.6,15,362,0.768,789,0.466,353,0.317,0.469,0.519,20.5,9.9,14.8,5.2,25.2,0.76,0.56,3.47,11.5,103.8,103.1
534,Austin Reaves,Lal,G,23.79,48,22.5,46.9,11.4,10.1,72,0.847,101,0.683,125,0.328,0.577,0.625,6.7,2.8,6.5,1.4,8.1,0.38,0.38,0.6,5.3,123.7,110.8
535,Cam Reddish,Atl,F-G,22.53,34,23.4,48.8,23.3,10.4,80,0.9,190,0.421,153,0.379,0.487,0.537,11.9,2.5,5.8,1.1,7,1.03,0.32,1.29,5.5,103.7,112.5
536,Cam Reddish,Nyk,F-G,22.53,15,14.4,29.9,18.7,14.1,32,0.906,34,0.559,31,0.258,0.477,0.575,6.1,1.4,5.2,0.7,7.1,0.87,0.27,0.87,5,109.1,106.3
537,Davon Reed,Den,G,26.76,37,13.9,28.9,12,7.1,10,0.8,54,0.556,72,0.444,0.619,0.629,4.4,2.4,9.5,1,10.1,0.54,0.16,0.27,6.3,126,102.9
538,Paul Reed,Phi,F,22.75,29,8.4,17.4,14.7,10.1,10,0.4,61,0.475,6,0.333,0.478,0.476,2.3,2.4,15.8,0.4,7.3,0.69,0.41,0.28,6.2,112.6,92.7
539,Naz Reid,Min,C-F,22.55,66,16,33.4,21.3,13,135,0.763,273,0.56,138,0.348,0.547,0.588,8.4,4,13.3,0.9,8.7,0.5,0.98,1.06,7.8,113.9,99.9
540,Nick Richards,Cha,C,24.29,44,7.9,16.5,14.9,17.1,43,0.698,83,0.675,0,0,0.675,0.697,3.2,1.8,12.2,0.3,5.2,0.2,0.43,0.48,6.1,124.7,102
541,Josh Richardson,Bos,G,28.49,44,24.7,51.5,16.7,9.4,71,0.859,187,0.481,156,0.397,0.534,0.57,9.7,2.8,6.2,1.5,8.9,0.77,0.52,0.89,5.6,113.3,103.6
542,Josh Richardson,San,G,28.49,8,21.6,45.1,16.7,8.8,10,0.9,35,0.314,23,0.435,0.448,0.489,7.6,2.6,6.4,2.4,14.1,0.38,0.63,0.75,6.7,108.7,110.4
543,Austin Rivers,Den,G,29.61,53,21.9,45.7,13.2,12.3,33,0.697,99,0.566,193,0.337,0.526,0.538,6.2,1.7,4.3,1.3,8,0.79,0.09,0.81,4.4,102.7,107.3
544,Duncan Robinson,Mia,F,27.89,66,26.7,55.6,17.8,7.9,51,0.824,95,0.568,534,0.369,0.556,0.569,11.2,2.8,5.8,1.7,9.3,0.53,0.18,0.85,5.6,111.4,102.7
545,Jeremiah Robinson-Earl,Okc,F,21.36,44,23,48,14.7,10.1,42,0.714,142,0.472,150,0.333,0.486,0.506,7.1,5.8,12.8,1,6.5,0.61,0.34,0.8,6,105.5,106.2
546,Justin Robinson,Mil,G,24.42,17,11.6,24.2,14.9,16,2,1,20,0.4,37,0.27,0.404,0.415,2.8,0.8,3.5,1.2,13.8,0.47,0,0.65,4.8,87.4,106.6
547,Justin Robinson,Sac,G,24.42,3,5,10.4,25.7,11.1,0,0,5,0.2,3,0,0.125,0.125,0.7,0.3,3.6,0.7,17.2,0,0,0.33,4.2,37.7,108.1
548,Justin Robinson,Det,G,24.42,5,18.2,37.9,16.8,14,6,0.333,7,0.143,21,0.381,0.464,0.457,5.6,1.4,4.2,1.8,14.5,0.2,0.2,1,5.3,92.3,112
549,Mitchell Robinson,Nyk,C-F,23.95,62,25.2,52.4,11.4,12.5,150,0.487,290,0.769,0,0,0.769,0.729,8.4,8.7,18.4,0.5,3,0.73,1.71,0.82,5.3,144.1,100.3
550,Isaiah Roby,Okc,F,24.11,30,18.5,38.6,18.9,11.1,60,0.717,136,0.566,54,0.389,0.571,0.601,8.7,4.2,11.5,1.1,10.1,0.77,0.5,0.9,7.4,117.9,101.1
551,Rajon Rondo,Lal,G,36.06,18,16.1,33.5,15.7,32.1,2,0.5,41,0.366,30,0.267,0.38,0.383,3.1,2.7,9,3.7,30.1,0.67,0.28,1.89,7.8,84,106.2
552,Rajon Rondo,Cle,G,36.06,17,20.4,42.4,17.2,21.6,24,0.75,46,0.478,49,0.367,0.516,0.549,6.8,3,8.1,4.6,32.4,0.82,0.06,1.71,8.9,109.6,103.3
553,Derrick Rose,Nyk,G,33.44,26,24.5,51,22.5,11.9,31,0.968,182,0.467,92,0.402,0.513,0.541,12,3,6.5,4,27.5,0.85,0.46,1.5,8.6,112.2,112.8
554,Terrence Ross,Orl,G-F,31.1,58,23.5,48.9,20.5,11.3,121,0.868,272,0.485,245,0.298,0.467,0.516,10.1,2.6,5.8,1.9,12.7,0.47,0.21,1.26,6.3,99.9,113
555,Terry Rozier,Cha,G,27.99,59,34,70.9,23.2,7.1,151,0.841,467,0.503,492,0.378,0.536,0.563,19.6,4.3,6.7,4.5,19.9,1.29,0.36,1.32,8.5,116.1,112.9
556,Ricky Rubio,Cle,G,31.4,34,28.5,59.4,24.8,16.5,103,0.854,237,0.38,174,0.339,0.434,0.488,13.1,4.1,8,6.6,34.8,1.44,0.21,2.65,9.9,102.2,101.7
557,D'Angelo Russell,Min,G,26.05,54,32.3,67.2,25.6,13.2,202,0.832,387,0.491,449,0.347,0.507,0.549,18.8,3.4,5.6,7.2,33.9,0.94,0.41,2.61,9.6,112.6,110.1
558,Domantas Sabonis,Ind,F-C,25.86,47,34.7,72.3,21.8,17.3,258,0.74,463,0.639,108,0.324,0.61,0.649,18.9,12.1,19.2,5,22.5,0.98,0.47,3.04,12.1,123.3,105.4
559,Domantas Sabonis,Sac,F-C,25.86,11,32.7,68.1,23.8,19.5,35,0.657,134,0.604,12,0.167,0.575,0.592,17.4,12.8,21.2,5.9,29.5,0.73,0.27,3.55,13.4,113,101.6
560,Olivier Sarr,Okc,C,23.06,11,13.4,28,15.3,19,8,0.75,29,0.552,10,0.3,0.526,0.553,4.3,3.4,12.8,0.5,5.1,0.27,0.55,0.91,5.8,103.7,99.1
561,Tomas Satoransky,Nor,G,30.37,32,15,31.3,12.6,16.3,25,0.76,76,0.355,31,0.161,0.322,0.373,2.8,2,7.3,2.4,20.8,0.44,0.03,0.72,6.3,94.8,109.8
562,Tomas Satoransky,San,G,30.37,1,9.2,19.2,8.1,0,4,0.75,0,0,0,0,,0.852,3,1,5.7,0,0,0,0,0,0,,119.1
563,Tomas Satoransky,Was,G,30.37,6,16.5,34.3,12.6,17.9,9,1,14,0.571,5,0.2,0.5,0.61,4.7,2.3,7.8,2.8,23.2,1.17,0.5,0.83,7.6,124.2,106.3
564,Jordan Schakel,Was,G,23.75,2,7.1,14.8,18.8,0,0,0,3,0,3,0,0,0,0,1.5,11.6,0,0,0,0,0,0,29,121.3
565,Admiral Schofield,Orl,F,24.96,29,10.3,21.4,14.2,14.4,10,0.7,34,0.647,45,0.311,0.544,0.558,3.2,1.9,9.6,0.6,8,0.14,0.14,0.48,6,103.8,103.6
566,Dennis Schroder,Bos,G,28.49,49,29.2,60.9,23.1,13.8,145,0.848,392,0.485,192,0.349,0.497,0.543,14.4,3.3,6.1,4.2,22.6,0.84,0.1,2.12,8,107.7,103.1
567,Dennis Schroder,Hou,G,28.49,8,28.8,60,20.7,20.4,22,0.818,48,0.396,32,0.25,0.388,0.446,10,3.9,7.4,7.3,36.3,0.63,0.13,2.88,9.1,97.7,110.6
568,Trevon Scott,Cle,F,25.3,2,5.7,11.9,23.2,0,0,0,5,0.6,1,0,0.5,0.5,3,1,9.6,0,0,0.5,0.5,0,0,107.2,89.6
569,Jay Scrubb,Lac,G,21.53,18,6.7,14.1,20.7,12.2,10,0.7,25,0.48,21,0.286,0.457,0.486,2.7,0.9,6.8,0.4,9.7,0.22,0.17,0.39,5.9,93.3,105.7
570,Wayne Selden,Nyk,G,27.45,3,6.4,13.3,13.2,0,4,0.5,2,0,2,0.5,0.375,0.434,1.7,0.3,2.8,0.3,7.2,0,0,0,3.3,102.8,112.9
571,Alperen Sengun,Hou,C,19.64,60,19.3,40.3,22.5,19.3,189,0.688,327,0.529,87,0.253,0.498,0.545,9,5.1,14.4,2.4,19.2,0.8,0.95,1.98,9.9,105.2,102.1
572,Collin Sexton,Cle,G,23.19,11,28.8,59.9,27.8,15.6,39,0.744,106,0.538,45,0.244,0.487,0.523,16,3.3,6.2,2.1,12,0.91,0,2.82,6.7,95.9,104.4
573,Landry Shamet,Pho,G,25,55,20.5,42.6,16.4,7.3,70,0.857,112,0.402,253,0.36,0.497,0.534,7.7,1.9,4.9,1.6,10.1,0.45,0.09,0.56,5.6,109.8,106.5
574,Day'Ron Sharpe,Bro,F,20.35,32,12.2,25.4,21.7,15.2,41,0.585,142,0.592,7,0.286,0.584,0.593,6.2,5,22.2,0.5,6.8,0.31,0.47,0.94,8.2,119,98.1
575,Pascal Siakam,Tor,F,27.95,54,37.6,78.3,25.4,11.9,293,0.744,764,0.513,168,0.345,0.514,0.554,21.8,8.3,11.9,5.1,22.2,1.24,0.65,2.65,10.4,113.7,103.6
576,Chris Silva,Min,F,25.48,1,3.5,7.3,0,,0,0,0,0,0,0,,,0,1,15.1,0,0,0,0,0,0,,
577,Chris Silva,Mia,F,25.48,9,9.7,20.3,14.3,28.3,12,0.833,15,0.533,0,0,0.533,0.641,2.9,3.9,22.5,0.8,11,0,0.11,0.89,8.6,119.7,84
578,Marko Simonovic,Chi,C,22.41,9,3.9,8.1,27.3,9.2,11,0.727,10,0.3,5,0.2,0.3,0.428,1.9,1.1,15.9,0,0,0.11,0.11,0.22,0,,
579,Anfernee Simons,Por,G,22.77,57,29.5,61.4,24.9,11.9,116,0.888,355,0.49,442,0.405,0.555,0.583,17.3,2.6,4.9,3.9,22.3,0.53,0.11,2.02,7.6,112,114.5
580,Jericho Sims,Nyk,C,23.4,27,9,18.7,6.4,22.7,12,0.417,22,0.727,0,0,0.727,0.678,1.4,2.9,17.3,0.3,4.6,0.19,0.37,0.3,4.7,132.7,95.3
581,Deividas Sirvydis,Det,F-G,21.76,3,8.9,18.5,16.1,0,0,0,3,0,7,0.143,0.15,0.15,1,2,12.2,0.3,5.1,1,0.33,0,3.8,40.8,93.6
582,Javonte Smart,Mil,G,22.78,13,12.3,25.6,14.6,16.5,6,0.833,25,0.28,18,0.222,0.302,0.34,2.4,1.5,6.3,1.1,11.1,0.31,0.15,0.69,5.1,77.3,108.4
583,Javonte Smart,Mia,G,22.78,1,1.2,2.5,0,,0,0,0,0,0,0,,,0,0,0,0,0,0,0,0,0,,
584,Marcus Smart,Bos,G,28.02,59,32.8,68.4,17.8,15.9,162,0.802,309,0.498,281,0.327,0.495,0.54,12.1,3.9,6.4,5.6,24.6,1.8,0.27,2.12,7.8,110.4,102.4
585,Dennis Smith Jr.,Por,G,24.3,37,17.3,36,18.2,19,64,0.656,162,0.451,27,0.222,0.434,0.474,5.6,2.4,7.5,3.6,30.5,1.22,0.32,1.38,8.4,101.8,108.2
586,Ish Smith,Cha,G,33.69,37,13.8,28.8,19,15.7,19,0.632,160,0.394,25,0.4,0.422,0.434,4.5,1.5,5.8,2.6,26.3,0.54,0.27,0.97,7.5,95.1,111.1
587,Ish Smith,Was,G,33.69,12,21.6,45.1,19.6,16.6,5,0.6,78,0.564,15,0.333,0.554,0.557,8.8,3.4,8.7,5.3,37.7,0.92,0.42,1.58,10,114.4,105.8
588,Jalen Smith,Pho,F-C,21.99,29,13.2,27.4,20.6,12.1,52,0.769,98,0.551,39,0.231,0.493,0.547,6,4.8,19.4,0.2,2.1,0.21,0.62,0.76,5.4,113.3,94.4
589,Jalen Smith,Ind,F-C,21.99,13,26,54.2,17.7,9.3,28,0.821,64,0.672,50,0.38,0.627,0.657,12.8,8.2,17.4,1.1,6.2,0.46,1.08,1,7.5,128.5,107.8
590,Xavier Sneed,Mem,F,20,2,3.9,8,10.7,0,0,0,0,0,2,0,0,0,0,1,13.5,0,0,0,0,0,0,,
591,Tony Snell,Por,G,30.34,38,14.4,29.9,8.7,10.1,3,1,22,0.545,75,0.32,0.495,0.503,2.6,1.9,7.2,0.6,5.2,0.21,0.18,0.29,4,103.9,111.9
592,Tony Snell,Nor,G,30.34,11,20.9,43.5,11.8,11.1,0,0,12,0.5,44,0.409,0.589,0.589,6,2.6,6.9,0.5,3,0.55,0.18,0.64,3.8,107.9,107.1
593,Jaden Springer,Phi,G,19.47,2,2.8,5.8,16.1,50,0,0,1,1,0,0,1,1,1,1,19.8,0,0,0,1,0.5,0,,
594,Cassius Stanley,Det,G,22.57,9,17.2,35.9,15.6,10.6,10,1,29,0.517,17,0.235,0.457,0.516,5.8,2.1,6.6,0.4,3.9,0.56,0.22,0.67,3.9,101.3,107.2
595,Nik Stauskas,Mia,G,28.43,2,11.9,24.7,18.3,0,4,0.75,4,0.25,4,0.5,0.5,0.564,5.5,1.5,7.1,0.5,6.1,0,0,0,5.4,127.3,110.8
596,Nik Stauskas,Bos,G,28.43,2,1.4,2.9,29.5,0,2,0.5,0,0,1,0,0,0.266,0.5,0,0,0,0,0,0,0,0,,
597,Lance Stephenson,Atl,F,31.52,6,11.6,24.1,11.3,22.4,2,0.5,10,0.5,3,0,0.385,0.396,1.8,2.5,11.9,1.8,20.1,0,0,0.67,6.9,91.5,105.4
598,Lance Stephenson,Ind,F,31.52,27,19.4,40.4,24.4,16.1,52,0.769,162,0.525,65,0.262,0.487,0.522,9.7,3,8.5,3.8,30.1,0.59,0.11,1.78,9.9,104.4,106.2
599,Lamar Stevens,Cle,F,24.68,48,14.1,29.5,16.4,10.7,46,0.652,157,0.522,48,0.271,0.495,0.517,4.9,2.2,8.5,0.6,6.3,0.44,0.25,0.56,5.3,103.3,100.2
600,Isaiah Stewart,Det,F-C,20.81,57,25.8,53.8,14.7,14.1,84,0.679,371,0.539,25,0.16,0.52,0.542,8.2,8.5,17.7,1.1,6.5,0.33,1.14,1.25,6.6,111.7,104.4
601,Max Strus,Mia,G-F,25.96,56,23.2,48.4,18.1,7.9,49,0.776,104,0.548,362,0.406,0.595,0.608,10.6,3.1,7.5,1.3,8.6,0.39,0.23,0.75,6,116.9,105.1
602,Jalen Suggs,Orl,G,20.78,46,27.7,57.6,25.5,18.7,163,0.773,347,0.441,190,0.216,0.399,0.456,12.1,3.7,7,4.4,25.1,1.22,0.39,3.04,8.4,88.4,103.9
603,Craig Sword,Was,G,28.16,3,6.3,13.2,11.7,20,0,0,3,1,1,0,0.75,0.75,2,0,0,0.3,7.8,1.33,0,0.33,0,115.5,69.1
604,Keifer Sykes,Ind,G,28.2,25,17.9,37.2,17.6,14.2,16,0.875,78,0.397,72,0.292,0.417,0.443,5.6,1.6,5.1,2,15.3,0.32,0.16,1.04,5.8,92.4,111
605,Jae'Sean Tate,Hou,F,26.38,64,26.9,56.1,19.9,15,164,0.707,441,0.587,173,0.301,0.549,0.576,12.3,5.5,11.2,3,17.8,0.95,0.55,1.89,8.7,112,105.1
606,Jayson Tatum,Bos,F-G,24.03,65,36.4,75.8,32.2,10.6,405,0.852,812,0.511,558,0.337,0.509,0.562,26.8,8.2,12.1,4.2,20.5,0.94,0.66,2.83,10.7,111,102
607,Terry Taylor,Ind,G,22.47,20,17.8,37.1,16.6,5.8,26,0.654,105,0.648,13,0.385,0.64,0.649,8.4,5.5,17,1.3,11.4,0.15,0.2,0.4,8.8,141.4,109.1
608,Garrett Temple,Nor,G-F,35.85,56,18.9,39.4,13.8,11.8,41,0.683,107,0.486,175,0.32,0.482,0.5,5.4,2.5,7.3,1.3,9.5,0.75,0.41,0.71,5.5,102.3,108.1
609,Emanuel Terry,Pho,F,26.56,3,6.1,12.6,23.7,50,0,0,5,0,0,0,0,0,0,5,44,0.7,12.2,0.33,0,1.67,0,62.7,78
610,Tyrell Terry,Mem,G,21.46,2,1.6,3.2,13.2,0,0,0,1,1,0,0,1,1,1,0,0,0,0,0,0,0,0,,
611,Jon Teske,Mem,C,20,3,2.6,5.4,9.9,0,2,0,1,0,0,0,0,0,0,0.7,13.3,0.3,14.3,0.33,0,0,0,,
612,Daniel Theis,Hou,F-C,29.94,26,22.5,46.8,16.5,13.6,40,0.675,100,0.61,79,0.291,0.534,0.554,8.4,5,12.2,0.8,5.1,0.42,0.65,1.19,5.7,104.5,108.8
613,Daniel Theis,Bos,F-C,29.94,8,11.9,24.9,12.8,18,13,0.538,11,0.727,6,0.333,0.647,0.638,3.6,3.8,16.8,1,11.7,0.25,1,0.63,8,116.9,88.8
614,Brodric Thomas,Bos,G,25.12,9,4.9,10.2,18.7,21.3,4,0.5,6,0.667,7,0.143,0.423,0.44,1.4,0.7,7.3,0.7,19.2,0,0.11,0.44,7.2,89.5,98.7
615,Cam Thomas,Bro,G,20.42,57,18.7,38.9,22.5,9,89,0.831,302,0.523,165,0.273,0.483,0.519,9.2,2.4,7.1,1.3,10.2,0.51,0.14,0.88,6.5,102.2,111.7
616,Isaiah Thomas,Lal,G,33.1,4,25.3,52.6,20.8,10.2,11,0.727,17,0.412,22,0.227,0.372,0.422,9.3,2,4.2,1.5,8.1,0,0.5,1.25,4.8,85.5,107
617,Isaiah Thomas,Dal,G,33.1,1,13.3,27.7,27,0,0,0,5,0.6,3,0,0.375,0.375,6,0,0,4,51.6,0,0,0,0,101.3,117.3
618,Isaiah Thomas,Cha,G,33.1,3,13.8,28.7,26.9,7.6,3,1,9,0.444,14,0.429,0.565,0.596,9.7,2,7.6,1.7,19.2,1,0,0.67,9.3,117.7,112.9
619,Matt Thomas,Chi,G,27.61,37,12.2,25.4,14.1,5.5,20,0.8,42,0.452,86,0.384,0.535,0.559,4.1,1.3,6.1,0.5,5.8,0.22,0.08,0.22,4.5,111.9,113.2
620,Klay Thompson,Gol,G,32.09,22,26.8,55.8,28.9,7.7,38,0.921,171,0.468,174,0.374,0.514,0.539,17.7,4,8.1,3,18.4,0.59,0.73,1.36,8.9,106.9,105.8
621,Tristan Thompson,Sac,C-F,31,30,15.2,31.6,19.4,14.1,60,0.533,150,0.5,1,1,0.507,0.521,6.2,5.4,19.1,0.6,5.9,0.37,0.4,0.97,7.2,109.1,105.1
622,Tristan Thompson,Ind,C-F,31,4,16.4,34.2,20.6,12.7,8,0.375,24,0.542,0,0,0.542,0.527,7.3,4.5,15.1,0.5,4.7,0,0.5,1,6.2,102.9,107.6
623,Tristan Thompson,Chi,C-F,31,8,18.7,38.9,14.2,12.5,25,0.6,31,0.613,0,0,0.613,0.631,6.6,4.8,14.2,0.5,3.6,0.5,0,0.75,5.4,124.5,101.1
624,JT Thor,Cha,F,19.55,26,9.2,19.1,11.7,12.1,14,0.714,26,0.615,26,0.269,0.51,0.542,2.4,1.5,8.4,0.7,9.8,0.31,0.38,0.31,5.9,113.7,106.5
625,Matisse Thybulle,Phi,G-F,25.03,51,25.9,53.9,9.7,11.9,31,0.742,118,0.686,119,0.286,0.557,0.573,5.6,2.3,5,1.1,6,1.67,1.06,0.67,3.7,111.1,103.9
626,Killian Tillie,Mem,F-C,24.03,35,13,27.1,12.9,9.1,8,0.625,41,0.39,85,0.318,0.448,0.456,3.4,1.7,6.9,0.6,5.8,0.66,0.43,0.37,4.7,100.8,100.8
627,Xavier Tillman,Mem,F,23.17,42,12.5,26,16.2,13.1,48,0.646,121,0.529,37,0.216,0.481,0.511,4.4,2.8,11.7,1,10.1,0.98,0.33,0.64,7.4,108.7,100.8
628,Isaiah Todd,Was,F,20.41,10,4.1,8.6,22.3,4.8,6,0.333,6,0.167,11,0.364,0.412,0.407,1.6,1,13.4,0.3,10.3,0.2,0.2,0.1,7.6,91.8,111.7
629,Obi Toppin,Nyk,F,24.03,58,14.9,31.1,20.2,11,92,0.739,215,0.637,101,0.238,0.547,0.581,7.1,3.5,12.4,0.8,9.5,0.26,0.4,0.76,7.3,114.4,103.9
630,Juan Toscano-Anderson,Gol,F,28.93,65,14.1,29.4,14.9,20.1,70,0.571,138,0.587,82,0.305,0.539,0.552,4.3,2.6,9.9,1.8,17.8,0.68,0.23,0.97,7.7,105.9,97.2
631,Karl-Anthony Towns,Min,C-F,26.33,62,33.6,70,27.5,13.8,388,0.814,706,0.582,305,0.4,0.588,0.636,24.3,9.8,15.4,3.8,18.8,0.98,1.18,3.05,11.5,120.7,101.8
632,Gary Trent Jr.,Tor,G-F,23.15,58,34.7,72.3,21.9,5.9,156,0.833,438,0.45,464,0.379,0.511,0.542,18.1,2.7,4.3,2,9,1.86,0.26,1.05,5.3,112.7,109.3
633,P.J. Tucker,Mia,F,36.86,61,28.2,58.7,12.1,12.6,56,0.714,206,0.544,178,0.427,0.589,0.602,8.1,5.5,10.9,2.1,10.6,0.79,0.21,0.97,6.4,121.8,102.2
634,Rayjon Tucker,Den,G,24.47,3,9.8,20.3,5.6,0,4,0.75,0,0,2,0.5,0.75,0.798,2,1.3,7.6,1.3,16.7,0.33,0,0,6.1,188.5,103.8
635,Myles Turner,Ind,C-F,25.97,42,29.4,61.2,17.2,10.9,105,0.752,210,0.662,183,0.333,0.587,0.615,12.9,7.1,13.3,1,5.2,0.67,2.81,1.29,6.1,117.6,106.6
636,Jonas Valanciunas,Nor,C,29.85,62,30.7,64,24,14.2,247,0.822,661,0.572,140,0.364,0.567,0.611,17.9,11.4,20.4,2.5,13.3,0.52,0.85,2.42,10.4,116.9,101.4
637,Denzel Valentine,Cle,G,28.32,22,9.3,19.3,15.6,13.9,0,0,18,0.278,44,0.409,0.516,0.516,2.9,1.7,10.2,0.5,7.6,0.32,0,0.45,5.8,100,101.6
638,Denzel Valentine,Uta,G,28.32,2,9.3,19.3,14.1,33.3,0,0,1,1,3,0.333,0.625,0.625,2.5,2,11.8,0,0,0.5,0,1,0,75.1,92.2
639,Jarred Vanderbilt,Min,F,22.95,62,25.8,53.8,10.7,14.1,108,0.648,293,0.604,12,0.167,0.59,0.61,6.9,8.7,17.9,1.4,7.1,1.39,0.68,0.94,6.8,128.7,101.2
640,Fred VanVleet,Tor,G,28.05,54,38.1,79.3,24,12.6,190,0.879,389,0.44,538,0.396,0.529,0.568,21.3,4.6,6.5,6.8,27.6,1.57,0.54,2.7,9.2,116.3,108.6
641,Devin Vassell,San,G-F,21.55,59,26.5,55.2,18.9,6.9,67,0.806,319,0.511,304,0.345,0.514,0.533,11.8,4.4,8.6,1.8,9.2,0.97,0.64,0.81,6.8,107.2,107.4
642,Gabe Vincent,Mia,G,25.75,60,24,50,18,15.2,52,0.808,176,0.511,297,0.37,0.539,0.557,9.2,1.9,4.5,3.2,19.9,0.95,0.2,1.48,6.4,108.2,102.1
643,Nikola Vucevic,Chi,C,31.39,59,33.7,70.2,24.5,10.6,100,0.76,671,0.545,276,0.308,0.521,0.536,18,11.5,19,3.4,15.7,1,1.1,1.98,10.6,107.8,103.8
644,Dean Wade,Cle,F-C,25.31,51,19.2,40,11.1,6.5,30,0.667,75,0.64,142,0.359,0.574,0.584,5.3,2.9,8.4,1,7.4,0.57,0.14,0.31,5.2,121.9,101.8
645,Franz Wagner,Orl,F,20.55,69,31.7,66,20.9,10.2,191,0.848,616,0.508,247,0.356,0.516,0.555,15.2,4.7,7.8,3,15.4,0.87,0.43,1.57,7.6,109.7,109.8
646,Moritz Wagner,Orl,F-C,24.88,50,13.1,27.3,24,11,99,0.808,137,0.672,142,0.338,0.588,0.632,8.2,2.9,11.7,1.1,15.1,0.28,0.22,0.8,9.1,118.5,99.9
647,Ish Wainright,Pho,F,27.5,36,7.4,15.4,13.3,13.4,9,0.444,29,0.414,38,0.289,0.425,0.43,1.7,1.1,8,0.3,4.6,0.28,0.17,0.31,4.5,93.5,96.6
648,Lonnie Walker IV,San,G-F,23.25,62,23.4,48.8,23.5,8.1,127,0.78,376,0.484,309,0.311,0.476,0.507,12.1,2.6,5.8,2.2,13.1,0.61,0.29,1.05,7,102.1,111
649,Kemba Walker,Nyk,G,31.85,37,25.6,53.4,20.7,10.7,71,0.845,171,0.444,199,0.367,0.501,0.537,11.6,3,6.2,3.5,22.2,0.7,0.19,1.3,7.7,111.6,111.1
650,MJ Walker,Pho,G,23.96,2,4.2,8.8,20.6,0,0,0,2,0,2,0,0,0,0,0.5,6.4,0.5,13.2,1,0,0,0,17.4,85.9
651,Derrick Walton Jr.,Det,G,26.95,3,36.1,75.1,15.4,28.4,4,1,13,0.231,13,0.231,0.288,0.342,6.3,3.3,5,7,26.7,2.33,1.33,3.67,5.8,76.8,109.7
652,Brad Wanamaker,Ind,G,32.64,22,13.3,27.7,15.4,22,22,0.909,55,0.4,17,0.235,0.389,0.465,3.5,1.6,6.6,2.2,21.6,0.23,0.27,1.05,6.9,96.7,104.4
653,Brad Wanamaker,Was,G,32.64,1,27.1,56.5,10.4,0,3,1,5,0.4,0,0,0.4,0.554,7,4,8.1,7,34.1,2,0,0,8.6,147.8,102
654,Duane Washington Jr.,Ind,G,21.97,37,19.9,41.5,22.2,11,41,0.756,159,0.421,163,0.374,0.492,0.512,9.4,1.7,4.6,1.8,13.3,0.51,0.05,1.14,6.2,99.9,112.7
655,P.J. Washington,Cha,F,23.56,51,26.5,55.2,15.9,13.4,69,0.71,159,0.585,250,0.368,0.565,0.582,10,5.5,10.8,2.1,10.6,0.8,0.92,1.33,7.4,112.1,106.8
656,Yuta Watanabe,Tor,G-F,27.42,32,12.6,26.3,16.4,12.2,35,0.571,53,0.472,68,0.382,0.529,0.543,4.6,2.5,10.8,0.6,6.6,0.25,0.47,0.59,6,107.4,105.2
657,Lindy Waters III,Okc,F,24.63,12,16.4,34.1,14.5,3,0,0,9,0.889,55,0.345,0.57,0.57,6.1,2,6.2,0.6,5.5,0.42,0.42,0.17,4.7,113,108.3
658,Tremont Waters,Tor,G,24.17,2,20.9,43.5,16.4,25,0,0,3,0.333,9,0.222,0.333,0.333,4,2,5.2,3.5,22,2,0,2,5.8,73.5,107.3
659,Tremont Waters,Was,G,24.17,1,8.5,17.7,10.5,0,0,0,2,0.5,0,0,0.5,0.5,2,0,0,0,0,1,0,0,0,99.9,89.8
660,Trendon Watford,Por,F,21.34,40,15.5,32.3,16.1,11.7,69,0.783,151,0.596,22,0.227,0.564,0.612,6.2,3.7,13.1,1.3,13.2,0.4,0.48,0.68,8,123.6,102.6
661,Paul Watson,Okc,G,27.2,9,17.4,36.2,11,10,2,0.5,9,0.667,26,0.231,0.429,0.432,3.4,3,8.8,0.9,7.2,0.33,0.33,0.44,4.8,91.1,108.5
662,Quinndary Weatherspoon,Gol,G,25.51,8,6.6,13.8,18,13.8,4,1,14,0.714,3,0.333,0.676,0.72,3.4,1.1,9.2,0.4,8.9,0.13,0.13,0.38,6.9,124.9,83.9
663,Russell Westbrook,Lal,G,33.33,66,34.3,71.5,27.5,17.7,338,0.666,825,0.474,219,0.279,0.462,0.499,18,7.5,11.6,7.1,32,0.97,0.27,3.88,11.5,99.8,105.6
664,Coby White,Chi,G,22.07,47,28.4,59.2,19.7,8.9,79,0.848,236,0.5,274,0.401,0.555,0.581,13.5,3.2,6.3,3,15.1,0.47,0.23,1.13,7.1,114.9,109.2
665,Derrick White,San,G,27.7,49,30.3,63.2,20.7,12,160,0.869,312,0.519,258,0.314,0.497,0.551,14.4,3.5,6.1,5.6,25,1,0.86,1.78,8.7,113.6,108.9
666,Derrick White,Bos,G,27.7,13,25.7,53.5,19.6,8.8,33,0.818,64,0.547,57,0.246,0.463,0.513,10.7,3.4,7.1,2.9,16.9,0.77,1,1,7.4,110.1,102.6
667,Hassan Whiteside,Uta,C,32.75,55,18.4,38.2,17.3,12.2,140,0.621,290,0.652,0,0,0.652,0.661,8.5,7.9,23.4,0.4,3,0.36,1.47,0.89,6.5,131.3,92.1
668,Joe Wieskamp,San,G-F,22.56,19,5.5,11.5,13.7,2.9,7,0.429,10,0.5,20,0.4,0.567,0.559,1.9,0.4,4,0.3,6.2,0.16,0.11,0.05,4.4,117.3,112.9
669,Aaron Wiggins,Okc,G-F,23.2,40,23.2,48.3,14.1,11.6,55,0.709,137,0.584,106,0.33,0.545,0.569,7.6,3.6,8,1.1,7.3,0.7,0.23,0.88,5.4,110.6,106.6
670,Andrew Wiggins,Gol,F,27.05,62,31.8,66.3,23,8.9,189,0.63,524,0.515,342,0.401,0.549,0.564,17.3,4.4,7.5,2.3,11.4,1.1,0.76,1.5,7,109.9,104.6
671,Lindell Wigginton,Mil,G,23.96,15,8.1,16.8,16.6,14.9,18,0.556,17,0.471,15,0.467,0.578,0.589,3.1,1.1,7.4,0.5,9,0.27,0.07,0.47,5.9,108.2,106.4
672,Robert Williams III,Bos,C-F,24.41,56,30.1,62.8,11.5,13.6,89,0.719,341,0.73,1,0,0.728,0.737,10,9.8,17.3,2,9.9,0.93,2.18,1.07,7.7,147.6,100.4
673,Brandon Williams,Por,G,22.31,9,21.9,45.6,27.6,14.4,46,0.696,58,0.466,29,0.31,0.466,0.527,12.6,3.1,7.8,2,14.8,0.67,0.22,2,7.8,100,110.1
674,Grant Williams,Bos,F,23.29,64,23.7,49.4,12.2,11.4,66,0.924,123,0.585,220,0.423,0.617,0.65,7.6,3.4,7.6,1.1,6.3,0.5,0.69,0.75,5.2,124.4,101.4
675,Kenrich Williams,Okc,G-F,27.28,49,21.9,45.6,15.6,11.9,55,0.545,196,0.536,121,0.339,0.525,0.532,7.4,4.5,10.5,2.2,15.5,0.9,0.2,0.94,7.6,111.4,106.5
676,Lou Williams,Atl,G,35.38,47,14.5,30.2,21.7,10.1,62,0.871,184,0.429,92,0.348,0.46,0.508,6.6,1.5,5.7,2,19.5,0.47,0.06,0.72,7.5,107,112.3
677,Patrick Williams,Chi,F,20.55,5,24.9,52,9.4,7.5,4,1,17,0.588,6,0.5,0.63,0.666,6.6,2.2,4.9,0.6,3.1,0.6,0.4,0.4,3.3,126.7,109.8
678,Ziaire Williams,Mem,F,20.5,49,21.8,45.3,14.2,8.4,32,0.781,141,0.638,183,0.311,0.542,0.556,7.7,2,4.9,0.9,5.6,0.53,0.16,0.63,4.4,111.8,107.1
679,D.J. Wilson,Tor,F,26.06,4,13.5,28.2,16.9,9.3,10,0.8,13,0.846,2,0,0.733,0.773,7.5,4,16,1.3,14.6,1.25,0.25,0.5,10,148.8,94.5
680,Dylan Windler,Cle,G-F,25.47,38,9.2,19.1,12,13.7,9,0.778,23,0.522,55,0.382,0.558,0.573,2.5,1.7,10.1,0.7,9.9,0.24,0.05,0.34,6.3,114.6,99.6
681,Justise Winslow,Lac,F-G,25.97,37,13,27,17.8,18.5,41,0.61,112,0.518,29,0.172,0.465,0.49,4.2,3.6,14.3,1.4,15.6,0.57,0.49,0.97,8.5,98.2,99.5
682,Justise Winslow,Por,F-G,25.97,7,30,62.6,18.4,9,16,0.625,50,0.52,24,0.333,0.514,0.531,12.3,6.6,11.9,3.1,16.4,1.43,0.71,1.14,8.4,112.8,108.8
683,Cassius Winston,Was,G,24.04,5,5.4,11.3,12.9,12.7,2,1,1,1,5,0.4,0.667,0.727,2,0,0,1,25.5,0,0,0.2,0,143.6,94.5
684,Robert Woodard II,Sac,F,22.48,12,3.5,7.3,18.1,5.6,2,1,12,0.083,4,0.25,0.156,0.207,0.6,0.9,14.1,0.3,8.9,0.08,0.08,0.08,6.2,,
685,Christian Wood,Hou,F,26.46,61,31.1,64.8,23.3,10.6,298,0.611,505,0.558,296,0.378,0.562,0.58,17.7,10.2,18,2.3,12.1,0.75,0.97,1.8,9.6,112.8,108.2
686,McKinley Wright IV,Min,G,23.38,3,2.9,6,19.4,25,0,0,1,1,2,0.5,0.833,0.833,1.7,0,0,0.3,18.7,0,0,0.33,0,,
687,Delon Wright,Atl,G,29.88,62,17.8,37.1,10.8,13.9,49,0.837,126,0.508,87,0.356,0.519,0.558,4.2,2.8,8.8,2.3,16.9,1.02,0.21,0.61,6.7,122.2,112.4
688,Moses Wright,Lac,F,23.22,1,1.5,3.1,0,,0,0,0,0,0,0,,,0,0,0,1,80.8,0,0,0,0,,
689,Thaddeus Young,San,F,33.73,26,14.2,29.7,19.1,17.9,22,0.455,123,0.602,5,0,0.578,0.574,6.1,3.6,13.2,2.3,22.7,0.88,0.27,1.15,10.4,113.5,103.2
690,Thaddeus Young,Tor,F,33.73,11,18.7,38.9,17.4,13.1,13,0.385,53,0.453,14,0.5,0.515,0.509,6.7,4.2,12.1,1.5,11.4,1,0.27,1,7.4,106.5,102.9
691,Trae Young,Atl,G,23.48,62,34.8,72.4,34.8,14.5,446,0.897,784,0.503,479,0.384,0.53,0.596,28.1,3.8,6,9.4,45.8,0.95,0.11,3.98,11.5,117.9,114.3
692,Omer Yurtseven,Mia,C,23.74,49,12.8,26.6,20.2,13.3,57,0.632,215,0.558,7,0.143,0.547,0.565,5.7,5.4,23.8,0.9,11.8,0.31,0.39,0.78,9.5,114.6,93
693,Cody Zeller,Por,F-C,29.44,27,13.1,27.4,16,14.6,49,0.776,86,0.593,4,0,0.567,0.627,5.2,4.6,19.2,0.8,9.4,0.3,0.22,0.7,8.2,128.8,100
694,Ivica Zubac,Lac,C,24.99,64,24.5,51.1,16.4,17,200,0.725,400,0.633,0,0,0.633,0.667,10.2,8.4,17.8,1.5,9,0.52,1.03,1.56,8.2,126.3,99.3
695,Tyrone Wallace,Nor,G,27.76,1,19.6,40.8,16.1,0,3,0,4,0.5,2,0.5,0.583,0.478,7,2,5.6,0,0,0,0,0,0,91.1,113.5